InvoiceNo,Description
536365,WHITE HANGING HEART T-LIGHT HOLDER
536365,WHITE METAL LANTERN
536365,CREAM CUPID HEARTS COAT HANGER
536365,KNITTED UNION FLAG HOT WATER BOTTLE
536365,RED WOOLLY HOTTIE WHITE HEART.
536365,SET 7 BABUSHKA NESTING BOXES
536365,GLASS STAR FROSTED T-LIGHT HOLDER
536366,HAND WARMER UNION JACK
536366,HAND WARMER RED POLKA DOT
536367,ASSORTED COLOUR BIRD ORNAMENT
536367,POPPY'S PLAYHOUSE BEDROOM
536367,POPPY'S PLAYHOUSE KITCHEN
536367,FELTCRAFT PRINCESS CHARLOTTE DOLL
536367,IVORY KNITTED MUG COSY
536367,BOX OF 6 ASSORTED COLOUR TEASPOONS
536367,BOX OF VINTAGE JIGSAW BLOCKS
536367,BOX OF VINTAGE ALPHABET BLOCKS
536367,HOME BUILDING BLOCK WORD
536367,LOVE BUILDING BLOCK WORD
536367,RECIPE BOX WITH METAL HEART
536367,DOORMAT NEW ENGLAND
536368,JAM MAKING SET WITH JARS
536368,RED COAT RACK PARIS FASHION
536368,YELLOW COAT RACK PARIS FASHION
536368,BLUE COAT RACK PARIS FASHION
536369,BATH BUILDING BLOCK WORD
536370,ALARM CLOCK BAKELIKE PINK
536370,ALARM CLOCK BAKELIKE RED
536370,ALARM CLOCK BAKELIKE GREEN
536370,PANDA AND BUNNIES STICKER SHEET
536370,STARS GIFT TAPE
536370,INFLATABLE POLITICAL GLOBE
536370,VINTAGE HEADS AND TAILS CARD GAME
536370,SET/2 RED RETROSPOT TEA TOWELS
536370,ROUND SNACK BOXES SET OF4 WOODLAND
536370,SPACEBOY LUNCH BOX
536370,LUNCH BOX I LOVE LONDON
536370,CIRCUS PARADE LUNCH BOX
536370,CHARLOTTE BAG DOLLY GIRL DESIGN
536370,RED TOADSTOOL LED NIGHT LIGHT
536370,SET 2 TEA TOWELS I LOVE LONDON
536370,VINTAGE SEASIDE JIGSAW PUZZLES
536370,MINI JIGSAW CIRCUS PARADE
536370,MINI JIGSAW SPACEBOY
536370,MINI PAINT SET VINTAGE
536370,POSTAGE
536371,PAPER CHAIN KIT 50'S CHRISTMAS
536372,HAND WARMER RED POLKA DOT
536372,HAND WARMER UNION JACK
536373,WHITE HANGING HEART T-LIGHT HOLDER
536373,WHITE METAL LANTERN
536373,CREAM CUPID HEARTS COAT HANGER
536373,EDWARDIAN PARASOL RED
536373,RETRO COFFEE MUGS ASSORTED
536373,SAVE THE PLANET MUG
536373,VINTAGE BILLBOARD DRINK ME MUG
536373,VINTAGE BILLBOARD LOVE/HATE MUG
536373,WOOD 2 DRAWER CABINET WHITE FINISH
536373,WOOD S/3 CABINET ANT WHITE FINISH
536373,WOODEN PICTURE FRAME WHITE FINISH
536373,WOODEN FRAME ANTIQUE WHITE
536373,KNITTED UNION FLAG HOT WATER BOTTLE
536373,RED WOOLLY HOTTIE WHITE HEART.
536373,SET 7 BABUSHKA NESTING BOXES
536373,GLASS STAR FROSTED T-LIGHT HOLDER
536374,VICTORIAN SEWING BOX LARGE
536375,WHITE HANGING HEART T-LIGHT HOLDER
536375,WHITE METAL LANTERN
536375,CREAM CUPID HEARTS COAT HANGER
536375,EDWARDIAN PARASOL RED
536375,RETRO COFFEE MUGS ASSORTED
536375,SAVE THE PLANET MUG
536375,VINTAGE BILLBOARD DRINK ME MUG
536375,VINTAGE BILLBOARD LOVE/HATE MUG
536375,WOOD 2 DRAWER CABINET WHITE FINISH
536375,WOOD S/3 CABINET ANT WHITE FINISH
536375,WOODEN PICTURE FRAME WHITE FINISH
536375,WOODEN FRAME ANTIQUE WHITE
536375,KNITTED UNION FLAG HOT WATER BOTTLE
536375,RED WOOLLY HOTTIE WHITE HEART.
536375,SET 7 BABUSHKA NESTING BOXES
536375,GLASS STAR FROSTED T-LIGHT HOLDER
536376,HOT WATER BOTTLE TEA AND SYMPATHY
536376,RED HANGING HEART T-LIGHT HOLDER
536377,HAND WARMER RED POLKA DOT
536377,HAND WARMER UNION JACK
536378,JUMBO BAG PINK POLKADOT
536378,JUMBO  BAG BAROQUE BLACK WHITE
536378,JUMBO BAG CHARLIE AND LOLA TOYS
536378,STRAWBERRY CHARLOTTE BAG
536378,RED 3 PIECE RETROSPOT CUTLERY SET
536378,BLUE 3 PIECE POLKADOT CUTLERY SET
536378,SET/6 RED SPOTTY PAPER PLATES
536378,LUNCH BAG RED RETROSPOT
536378,STRAWBERRY LUNCH BOX WITH CUTLERY
536378,LUNCH BOX WITH CUTLERY RETROSPOT
536378,PACK OF 72 RETROSPOT CAKE CASES
536378,PACK OF 60 DINOSAUR CAKE CASES
536378,PACK OF 60 PINK PAISLEY CAKE CASES
536378,60 TEATIME FAIRY CAKE CASES
536378,TOMATO CHARLIE+LOLA COASTER SET
536378,CHARLIE & LOLA WASTEPAPER BIN FLORA
536378,RED CHARLIE+LOLA PERSONAL DOORSIGN
536378,JUMBO STORAGE BAG SUKI
536378,JUMBO BAG PINK VINTAGE PAISLEY
536380,JAM MAKING SET PRINTED
536381,RETROSPOT TEA SET CERAMIC 11 PC
536381,GIRLY PINK TOOL SET
536381,JUMBO SHOPPER VINTAGE RED PAISLEY
536381,"AIRLINE LOUNGE,METAL SIGN"
536381,WHITE SPOT RED CERAMIC DRAWER KNOB
536381,RED DRAWER KNOB ACRYLIC EDWARDIAN
536381,CLEAR DRAWER KNOB ACRYLIC EDWARDIAN
536381,PHOTO CLIP LINE
536381,FELT EGG COSY CHICKEN
536381,PIGGY BANK RETROSPOT
536381,SKULL SHOULDER BAG
536381,YOU'RE CONFUSING ME METAL SIGN
536381,COOK WITH WINE METAL SIGN
536381,GIN + TONIC DIET METAL SIGN
536381,YELLOW BREAKFAST CUP AND SAUCER
536381,PINK BREAKFAST CUP AND SAUCER
536381,PAPER CHAIN KIT 50'S CHRISTMAS
536381,PAPER CHAIN KIT RETROSPOT
536381,SMALL HEART FLOWERS HOOK
536381,PHOTO CLIP LINE
536381,TEA TIME DES TEA COSY
536381,FELT EGG COSY WHITE RABBIT
536381,ZINC WILLIE WINKIE  CANDLE STICK
536381,CERAMIC CHERRY CAKE MONEY BANK
536381,RETROSPOT LARGE MILK JUG
536381,SET OF 6 FUNKY BEAKERS
536381,EDWARDIAN PARASOL BLACK
536381,EDWARDIAN PARASOL NATURAL
536381,CERAMIC STRAWBERRY CAKE MONEY BANK
536381,BLUE OWL SOFT TOY
536381,BALLOON ART MAKE YOUR OWN FLOWERS
536381,RED TOADSTOOL LED NIGHT LIGHT
536381,GLASS CLOCHE SMALL
536381,GUMBALL MONOCHROME COAT RACK
536381,DOORMAT FANCY FONT HOME SWEET HOME
536382,INFLATABLE POLITICAL GLOBE
536382,VINTAGE SNAKES & LADDERS
536382,CHOCOLATE CALCULATOR
536382,JUMBO SHOPPER VINTAGE RED PAISLEY
536382,RECYCLING BAG RETROSPOT
536382,TOY TIDY PINK POLKADOT
536382,ANTIQUE GLASS DRESSING TABLE POT
536382,ALARM CLOCK BAKELIKE GREEN
536382,IVORY GIANT GARDEN THERMOMETER
536382,3 TIER CAKE TIN GREEN AND CREAM
536382,3 TIER CAKE TIN RED AND CREAM
536382,SET 3 WICKER OVAL BASKETS W LIDS
536384,WOOD BLACK BOARD ANT WHITE FINISH
536384,COLOUR GLASS T-LIGHT HOLDER HANGING
536384,HANGING METAL HEART LANTERN
536384,HANGING MEDINA LANTERN SMALL
536384,NATURAL SLATE HEART CHALKBOARD
536384,HEART OF WICKER SMALL
536384,HEART OF WICKER LARGE
536384,WHITE LOVEBIRD LANTERN
536384,CLASSIC METAL BIRDCAGE PLANT HOLDER
536384,CREAM HEART CARD HOLDER
536384,ENAMEL FLOWER JUG CREAM
536384,ENAMEL FIRE BUCKET CREAM
536384,ENAMEL BREAD BIN CREAM
536385,SET 3 WICKER OVAL BASKETS W LIDS
536385,JAM MAKING SET PRINTED
536385,JAM MAKING SET WITH JARS
536385,JUMBO BAG DOLLY GIRL DESIGN
536385,TRADITIONAL CHRISTMAS RIBBONS
536385,ORGANISER WOOD ANTIQUE WHITE
536385,LUNCH BAG DOLLY GIRL DESIGN
536386,WHITE WIRE EGG HOLDER
536386,JUMBO  BAG BAROQUE BLACK WHITE
536386,JUMBO BAG RED RETROSPOT
536387,CHILLI LIGHTS
536387,LIGHT GARLAND BUTTERFILES PINK
536387,WOODEN OWLS LIGHT GARLAND
536387,FAIRY TALE COTTAGE NIGHTLIGHT
536387,RED TOADSTOOL LED NIGHT LIGHT
536388,HOME BUILDING BLOCK WORD
536388,LOVE BUILDING BLOCK WORD
536388,DOORMAT FANCY FONT HOME SWEET HOME
536388,HOME SMALL WOOD LETTERS
536388,GINGHAM HEART  DOORSTOP RED
536388,FIVE HEART HANGING DECORATION
536388,HANGING METAL HEART LANTERN
536388,ASSORTED BOTTLE TOP  MAGNETS
536388,FRIDGE MAGNETS US DINER ASSORTED
536388,HOMEMADE JAM SCENTED CANDLES
536388,FRIDGE MAGNETS LES ENFANTS ASSORTED
536388,ROSE CARAVAN DOORSTOP
536388,HEART OF WICKER SMALL
536388,5 HOOK HANGER MAGIC TOADSTOOL
536389,CHRISTMAS LIGHTS 10 REINDEER
536389,VINTAGE UNION JACK CUSHION COVER
536389,VINTAGE HEADS AND TAILS CARD GAME
536389,SET OF 3 COLOURED  FLYING DUCKS
536389,SET OF 3 GOLD FLYING DUCKS
536389,RED RETROSPOT UMBRELLA
536389,BLACK/BLUE POLKADOT UMBRELLA
536389,RED DINER WALL CLOCK
536389,ALARM CLOCK BAKELIKE GREEN
536389,ALARM CLOCK BAKELIKE RED
536389,BLUE DINER WALL CLOCK
536389,IVORY DINER WALL CLOCK
536389,LARGE HEART MEASURING SPOONS
536389,SMALL HEART MEASURING SPOONS
536390,CHRISTMAS LIGHTS 10 REINDEER
536390,JAM MAKING SET WITH JARS
536390,JAM MAKING SET PRINTED
536390,JAM JAR WITH PINK LID
536390,JAM JAR WITH GREEN LID
536390,ROSE COTTAGE KEEPSAKE BOX
536390,HANGING HEART ZINC T-LIGHT HOLDER
536390,PAPER CHAIN KIT VINTAGE CHRISTMAS
536390,DISCO BALL CHRISTMAS DECORATION
536390,WHITE HANGING HEART T-LIGHT HOLDER
536390,SMALL POPCORN HOLDER
536390,LARGE POPCORN HOLDER
536390,RETROSPOT LARGE MILK JUG
536390,SET/20 RED RETROSPOT PAPER NAPKINS
536390,SET/6 RED SPOTTY PAPER PLATES
536390,SET/6 RED SPOTTY PAPER CUPS
536390,POLKADOT RAIN HAT
536390,DELUXE SEWING KIT
536390,RETROSPOT HEART HOT WATER BOTTLE
536390,KNITTED UNION FLAG HOT WATER BOTTLE
536390,ENGLISH ROSE HOT WATER BOTTLE
536390,PHOTO CUBE
536390,HOMEMADE JAM SCENTED CANDLES
536390,JUMBO BAG RED RETROSPOT
536392,3 STRIPEY MICE FELTCRAFT
536392,SET OF 6 SOLDIER SKITTLES
536392,TRADITIONAL WOODEN SKIPPING ROPE
536392,WOODEN BOX OF DOMINOES
536392,RUSTIC  SEVENTEEN DRAWER SIDEBOARD
536392,PARTY CONES CARNIVAL ASSORTED
536392,PARTY CONES CANDY ASSORTED
536392,PICNIC BASKET WICKER SMALL
536392,ASSORTED COLOUR BIRD ORNAMENT
536392,STAR DECORATION PAINTED ZINC
536393,RETROSPOT LAMP
536394,"FANCY FONT BIRTHDAY CARD,"
536394,HAND WARMER UNION JACK
536394,HAND WARMER SCOTTY DOG DESIGN
536394,HAND WARMER OWL DESIGN
536394,HAND WARMER RED RETROSPOT
536394,RETROSPOT HEART HOT WATER BOTTLE
536394,DOG BOWL CHASING BALL DESIGN
536394,CLOTHES PEGS RETROSPOT PACK 24
536394,HAND OVER THE CHOCOLATE   SIGN
536394,WHITE HANGING HEART T-LIGHT HOLDER
536394,TRAVEL SEWING KIT
536395,BLACK HEART CARD HOLDER
536395,ASSORTED COLOUR BIRD ORNAMENT
536395,PACK OF 60 PINK PAISLEY CAKE CASES
536395,60 TEATIME FAIRY CAKE CASES
536395,PACK OF 72 RETROSPOT CAKE CASES
536395,CHICK GREY HOT WATER BOTTLE
536395,SMALL GLASS HEART TRINKET POT
536395,ALARM CLOCK BAKELIKE IVORY
536395,ALARM CLOCK BAKELIKE RED
536395,ALARM CLOCK BAKELIKE ORANGE
536395,ALARM CLOCK BAKELIKE GREEN
536395,HOT WATER BOTTLE TEA AND SYMPATHY
536395,HAND WARMER BIRD DESIGN
536395,HAND WARMER SCOTTY DOG DESIGN
536396,WHITE HANGING HEART T-LIGHT HOLDER
536396,WHITE METAL LANTERN
536396,CREAM CUPID HEARTS COAT HANGER
536396,EDWARDIAN PARASOL BLACK
536396,EDWARDIAN PARASOL RED
536396,RETRO COFFEE MUGS ASSORTED
536396,SAVE THE PLANET MUG
536396,VINTAGE BILLBOARD DRINK ME MUG
536396,VINTAGE BILLBOARD LOVE/HATE MUG
536396,WOOD 2 DRAWER CABINET WHITE FINISH
536396,WOOD S/3 CABINET ANT WHITE FINISH
536396,WOODEN PICTURE FRAME WHITE FINISH
536396,WOODEN FRAME ANTIQUE WHITE
536396,KNITTED UNION FLAG HOT WATER BOTTLE
536396,RED WOOLLY HOTTIE WHITE HEART.
536396,SET 7 BABUSHKA NESTING BOXES
536396,IVORY EMBROIDERED QUILT
536396,GLASS STAR FROSTED T-LIGHT HOLDER
536397,SET OF 3 BLACK FLYING DUCKS
536397,SET OF 3 COLOURED  FLYING DUCKS
536398,PACK OF 12 RED RETROSPOT TISSUES
536398,RED RETROSPOT MUG
536398,BABUSHKA LIGHTS STRING OF 10
536398,PIGGY BANK RETROSPOT
536398,SET 7 BABUSHKA NESTING BOXES
536398,DOORMAT FAIRY CAKE
536398,HAND WARMER RED RETROSPOT
536398,HAND WARMER SCOTTY DOG DESIGN
536398,HAND WARMER OWL DESIGN
536398,STRAWBERRY CERAMIC TRINKET BOX
536398,PINK DOUGHNUT TRINKET POT
536398,SILK PURSE BABUSHKA PINK
536398,HOT WATER BOTTLE TEA AND SYMPATHY
536398,HOT WATER BOTTLE I AM SO POORLY
536398,CHOCOLATE HOT WATER BOTTLE
536398,WHITE SKULL HOT WATER BOTTLE
536398,SCOTTIE DOG HOT WATER BOTTLE
536399,HAND WARMER RED POLKA DOT
536399,HAND WARMER UNION JACK
536400,HOMEMADE JAM SCENTED CANDLES
536401,BIRD HOUSE HOT WATER BOTTLE
536401,BOUDOIR SQUARE TISSUE BOX
536401,SKULLS SQUARE TISSUE BOX
536401,PHOTO FRAME CORNICE
536401,SILK PURSE BABUSHKA RED
536401,PICTURE DOMINOES
536401,S/6 SEW ON CROCHET FLOWERS
536401,SCANDINAVIAN REDS RIBBONS
536401,BALLOONS  WRITING SET
536401,JAM MAKING SET PRINTED
536401,LAVENDER INCENSE IN TIN
536401,TV DINNER TRAY VINTAGE PAISLEY
536401,SET OF 4 ENGLISH ROSE PLACEMATS
536401,SET OF 4 ENGLISH ROSE COASTERS
536401,TRIPLE PHOTO FRAME CORNICE
536401,FAMILY PHOTO FRAME CORNICE
536401,MIRRORED DISCO BALL
536401,DISCO BALL ROTATOR BATTERY OPERATED
536401,SILVER LOOKING MIRROR
536401,LADIES & GENTLEMEN METAL SIGN
536401,METAL SIGN HER DINNER IS SERVED
536401,YOU'RE CONFUSING ME METAL SIGN
536401,DOORMAT TOPIARY
536401,BATHROOM METAL SIGN
536401,KITCHEN METAL SIGN
536401,TOILET METAL SIGN
536401,METAL SIGN TAKE IT OR LEAVE IT
536401,I'M ON HOLIDAY METAL SIGN
536401,GROW YOUR OWN BASIL IN ENAMEL MUG
536401,SET/10 PINK POLKADOT PARTY CANDLES
536401,SET 20 NAPKINS FAIRY CAKES DESIGN
536401,60 TEATIME FAIRY CAKE CASES
536401,SET OF 6 T-LIGHTS SNOWMEN
536401,SET OF 6 T-LIGHTS SANTA
536401,SET OF 9 HEART SHAPED BALLOONS
536401,SANDWICH BATH SPONGE
536401,APPLE BATH SPONGE
536401,STRAWBERRY BATH SPONGE
536401,BLACK PIRATE TREASURE CHEST
536401,STAR PORTABLE TABLE LIGHT
536401,SNOWFLAKE PORTABLE TABLE LIGHT
536401,PINK OVAL JEWELLED MIRROR
536401,RETROSPOT CIGAR BOX MATCHES
536401,COSY HOUR GIANT TUBE MATCHES
536401,JAZZ HEARTS PURSE NOTEBOOK
536401,LUNCH BAG DOLLY GIRL DESIGN
536401,WHITE HANGING HEART T-LIGHT HOLDER
536401,CANDLEHOLDER PINK HANGING HEART
536401,WOOD 2 DRAWER CABINET WHITE FINISH
536401,ASSORTED COLOUR MINI CASES
536401,LUNCH BAG RED RETROSPOT
536401,LUNCH BAG SPACEBOY DESIGN
536401,LUNCH BAG WOODLAND
536401,LUNCH BAG PINK POLKADOT
536401,GUMBALL COAT RACK
536401,BLUE NEW BAROQUE CANDLESTICK CANDLE
536401,PINK NEW BAROQUECANDLESTICK CANDLE
536401,FAIRY CAKE FLANNEL ASSORTED COLOUR
536401,BREAD BIN DINER STYLE PINK
536401,JUMBO BAG CHARLIE AND LOLA TOYS
536401,TEA TIME TABLE CLOTH
536401,ENGLISH ROSE HOT WATER BOTTLE
536401,ENAMEL FIRE BUCKET CREAM
536401,PICNIC BASKET WICKER SMALL
536402,PAPER CHAIN KIT 50'S CHRISTMAS
536402,PAPER CHAIN KIT VINTAGE CHRISTMAS
536402,HOT WATER BOTTLE BABUSHKA
536403,HAND WARMER BIRD DESIGN
536403,POSTAGE
536404,HEART IVORY TRELLIS SMALL
536404,CLEAR DRAWER KNOB ACRYLIC EDWARDIAN
536404,PINK DRAWER KNOB ACRYLIC EDWARDIAN
536404,GREEN DRAWER KNOB ACRYLIC EDWARDIAN
536404,BLUE DRAWER KNOB ACRYLIC EDWARDIAN
536404,HEART OF WICKER SMALL
536404,SMALL POPCORN HOLDER
536404,SET 6 FOOTBALL CELEBRATION CANDLES
536404,SET OF 6 GIRLS CELEBRATION CANDLES
536404,ROMANTIC PINKS RIBBONS
536404,BRIGHT BLUES RIBBONS
536404,SCANDINAVIAN REDS RIBBONS
536404,CHOCOLATE BOX RIBBONS
536404,PARTY INVITES FOOTBALL
536404,PARTY INVITES JAZZ HEARTS
536404,PARTY INVITES SPACEMAN
536404,SET OF 3 BUTTERFLY COOKIE CUTTERS
536404,SET OF 3 HEART COOKIE CUTTERS
536404,3 PIECE SPACEBOY COOKIE CUTTER SET
536404,PACK OF 72 SKULL CAKE CASES
536404,PACK OF 60 SPACEBOY CAKE CASES
536404,PACK OF 72 RETROSPOT CAKE CASES
536404,72 SWEETHEART FAIRY CAKE CASES
536404,PACK OF 60 DINOSAUR CAKE CASES
536404,LUNCH BAG SUKI  DESIGN
536404,LUNCH BAG CARS BLUE
536404,LUNCH BAG  BLACK SKULL.
536404,HEART IVORY TRELLIS LARGE
536405,SET/5 RED RETROSPOT LID GLASS BOWLS
536406,WHITE HANGING HEART T-LIGHT HOLDER
536406,WHITE METAL LANTERN
536406,CREAM CUPID HEARTS COAT HANGER
536406,EDWARDIAN PARASOL RED
536406,RETRO COFFEE MUGS ASSORTED
536406,SAVE THE PLANET MUG
536406,VINTAGE BILLBOARD DRINK ME MUG
536406,VINTAGE BILLBOARD LOVE/HATE MUG
536406,WOOD 2 DRAWER CABINET WHITE FINISH
536406,WOOD S/3 CABINET ANT WHITE FINISH
536406,WOODEN PICTURE FRAME WHITE FINISH
536406,WOODEN FRAME ANTIQUE WHITE
536406,KNITTED UNION FLAG HOT WATER BOTTLE
536406,RED WOOLLY HOTTIE WHITE HEART.
536406,SET 7 BABUSHKA NESTING BOXES
536406,IVORY EMBROIDERED QUILT
536406,GLASS STAR FROSTED T-LIGHT HOLDER
536407,HAND WARMER RED POLKA DOT
536407,HAND WARMER UNION JACK
536408,MAGIC DRAWING SLATE DINOSAUR
536408,MAGIC DRAWING SLATE BAKE A CAKE
536408,12 PENCILS TALL TUBE SKULLS
536408,CHOCOLATE CALCULATOR
536408,RED  HARMONICA IN BOX
536408,BLUE HARMONICA IN BOX
536408,SKULLS  WATER TRANSFER TATTOOS
536408,PACK 3 BOXES BIRD PANNETONE
536408,HOT WATER BOTTLE TEA AND SYMPATHY
536408,RED WOOLLY HOTTIE WHITE HEART.
536408,WHITE SKULL HOT WATER BOTTLE
536408,3 PIECE SPACEBOY COOKIE CUTTER SET
536408,SET OF 20 KIDS COOKIE CUTTERS
536408,10 COLOUR SPACEBOY PEN
536408,VICTORIAN GLASS HANGING T-LIGHT
536408,SINGLE HEART ZINC T-LIGHT HOLDER
536408,RED HANGING HEART T-LIGHT HOLDER
536408,HANGING METAL STAR LANTERN
536408,SILVER HANGING T-LIGHT HOLDER
536408,DOORMAT RED RETROSPOT
536408,DOORMAT HEARTS
536408,NATURAL SLATE RECTANGLE CHALKBOARD
536408,LOVEBIRD HANGING DECORATION WHITE
536408,ASSORTED COLOUR BIRD ORNAMENT
536408,HOME BUILDING BLOCK WORD
536408,LOVE BUILDING BLOCK WORD
536408,PHOTO FRAME CORNICE
536408,PENS ASSORTED FUNNY FACE
536408,CARD CIRCUS PARADE
536408,WRAP COWBOYS
536408,AIRLINE BAG VINTAGE TOKYO 78
536408,RED RETROSPOT UMBRELLA
536408,BLACK/BLUE POLKADOT UMBRELLA
536408,RED 3 PIECE RETROSPOT CUTLERY SET
536408,PACK OF 72 RETROSPOT CAKE CASES
536408,SET OF 72 RETROSPOT PAPER  DOILIES
536408,BLUE COAT RACK PARIS FASHION
536408,PLASTERS IN TIN SKULLS
536408,SLEEPING CAT ERASERS
536408,CARD BIRTHDAY COWBOY
536408,PACK 3 BOXES CHRISTMAS PANNETONE
536408,ROTATING SILVER ANGELS T-LIGHT HLDR
536408,COSY HOUR GIANT TUBE MATCHES
536408,RIBBON REEL MAKING SNOWMEN
536408,MINI PAINT SET VINTAGE
536408,4 TRADITIONAL SPINNING TOPS
536408,SET OF 6 SOLDIER SKITTLES
536408,BAG 500g SWIRLY MARBLES
536409,5 STRAND GLASS NECKLACE CRYSTAL
536409,WHITE SKULL HOT WATER BOTTLE
536409,SCOTTIE DOG HOT WATER BOTTLE
536409,SQUARECUSHION COVER PINK UNION FLAG
536409,SPACEBOY CHILDRENS EGG CUP
536409,CHILDREN'S SPACEBOY MUG
536409,HAND WARMER SCOTTY DOG DESIGN
536409,FELTCRAFT CUSHION OWL
536409,BLACK CANDELABRA T-LIGHT HOLDER
536409,TOY TIDY DOLLY GIRL DESIGN
536409,SET 12 LAVENDER  BOTANICAL T-LIGHTS
536409,UNION JACK FLAG LUGGAGE TAG
536409,RED HEART LUGGAGE TAG
536409,RED GLASS TASSLE BAG CHARM
536409,CLEAR ACRYLIC FACETED BANGLE
536409,5 STRAND GLASS NECKLACE CRYSTAL
536409,DOORMAT UNION JACK GUNS AND ROSES
536409,VANILLA SCENT CANDLE JEWELLED BOX
536409,FULL ENGLISH BREAKFAST PLATE
536409,BLACK CANDELABRA T-LIGHT HOLDER
536409,MAGIC DRAWING SLATE CIRCUS PARADE
536409,CHRISTMAS HANGING HEART WITH BELL
536409,CAKE STAND VICTORIAN FILIGREE MED
536409,PAISLEY PATTERN  STICKERS
536409,FLOWERS  STICKERS
536409,PINK NEW BAROQUECANDLESTICK CANDLE
536409,BLUE NEW BAROQUE CANDLESTICK CANDLE
536409,JUMBO STORAGE BAG SUKI
536409,BLACK LOVE BIRD CANDLE
536409,PARTY TIME PENCIL ERASERS
536409,DISCO BALL CHRISTMAS DECORATION
536409,PINK B'FLY C/COVER W BOBBLES
536409,PINK UNION JACK  LUGGAGE TAG
536409,6 RIBBONS ELEGANT CHRISTMAS
536409,UNION JACK FLAG LUGGAGE TAG
536409,AGED GLASS SILVER T-LIGHT HOLDER
536409,BOOM BOX SPEAKER GIRLS
536409,6 RIBBONS SHIMMERING PINKS
536409,SET 2 TEA TOWELS I LOVE LONDON
536409,JUMBO BAG OWLS
536409,SANDWICH BATH SPONGE
536409,OWL DOORSTOP
536409,5 STRAND GLASS NECKLACE CRYSTAL
536409,HAND WARMER UNION JACK
536409,HAND WARMER SCOTTY DOG DESIGN
536409,LARGE POPCORN HOLDER
536409,PAINTED METAL STAR WITH HOLLY BELLS
536409,PAINTED METAL HEART WITH HOLLY BELL
536409,ANGEL DECORATION STARS ON DRESS
536409,SMALL POPCORN HOLDER
536409,JUMBO BAG RED RETROSPOT
536409,JUMBO BAG STRAWBERRY
536409,STRAWBERRY SHOPPER BAG
536409,STRAWBERRY CHARLOTTE BAG
536409,SET 2 TEA TOWELS I LOVE LONDON
536409,PACK OF 12 RED RETROSPOT TISSUES
536409,SCOTTIE DOG HOT WATER BOTTLE
536409,CHOCOLATE HOT WATER BOTTLE
536412,LUNCH BAG CARS BLUE
536412,LUNCH BAG SPACEBOY DESIGN
536412,ROUND SNACK BOXES SET OF4 WOODLAND
536412,LUNCH BAG DOLLY GIRL DESIGN
536412,LUNCH BAG SUKI  DESIGN
536412,LUNCH BAG  BLACK SKULL.
536412,ROUND SNACK BOXES SET OF 4 FRUITS
536412,ROUND SNACK BOXES SET OF 4 SKULLS
536412,DOLLY GIRL LUNCH BOX
536412,SPACEBOY LUNCH BOX
536412,GREEN POLKADOT PLATE
536412,BLUE POLKADOT PLATE
536412,RED RETROSPOT PLATE
536412,PINK  POLKADOT PLATE
536412,ROUND SNACK BOXES SET OF 4 SKULLS
536412,FELTCRAFT DOLL MOLLY
536412,FELTCRAFT CHRISTMAS FAIRY
536412,TRAVEL SEWING KIT
536412,SET OF 3 NOTEBOOKS IN PARCEL
536412,RED RETROSPOT TAPE
536412,COSY SLIPPER SHOES SMALL  RED
536412,6 RIBBONS RUSTIC CHARM
536412,SCANDINAVIAN REDS RIBBONS
536412,JAM MAKING SET PRINTED
536412,12 DAISY PEGS IN WOOD BOX
536412,HOT WATER BOTTLE BABUSHKA
536412,FELTCRAFT PRINCESS CHARLOTTE DOLL
536412,FELTCRAFT CHRISTMAS FAIRY
536412,FELTCRAFT PRINCESS CHARLOTTE DOLL
536412,6 RIBBONS RUSTIC CHARM
536412,COSY SLIPPER SHOES SMALL  RED
536412,SCANDINAVIAN REDS RIBBONS
536412,5 HOOK HANGER RED MAGIC TOADSTOOL
536412,CHRISTMAS CRAFT TREE TOP ANGEL
536412,CHRISTMAS CRAFT LITTLE FRIENDS
536412,5 HOOK HANGER RED MAGIC TOADSTOOL
536412,6 RIBBONS RUSTIC CHARM
536412,12 DAISY PEGS IN WOOD BOX
536412,SET OF 3 NOTEBOOKS IN PARCEL
536412,5 HOOK HANGER MAGIC TOADSTOOL
536412,SCANDINAVIAN REDS RIBBONS
536412,RED TOADSTOOL LED NIGHT LIGHT
536412,5 HOOK HANGER RED MAGIC TOADSTOOL
536412,COSY SLIPPER SHOES SMALL GREEN
536412,COSY SLIPPER SHOES SMALL  RED
536412,FELTCRAFT DOLL ROSIE
536412,FELTCRAFT DOLL MOLLY
536412,FELTCRAFT DOLL EMILY
536412,FELTCRAFT PRINCESS CHARLOTTE DOLL
536412,FELTCRAFT PRINCESS OLIVIA DOLL
536412,REX CASH+CARRY JUMBO SHOPPER
536412,FELTCRAFT DOLL MOLLY
536412,FELTCRAFT CUSHION OWL
536412,CHRISTMAS CRAFT TREE TOP ANGEL
536412,CHRISTMAS CRAFT LITTLE FRIENDS
536412,FELTCRAFT CUSHION RABBIT
536412,FELTCRAFT CUSHION BUTTERFLY
536412,12 DAISY PEGS IN WOOD BOX
536412,PAPER CHAIN KIT 50'S CHRISTMAS
536412,FELTCRAFT CUSHION BUTTERFLY
536412,12 DAISY PEGS IN WOOD BOX
536412,ROSE COTTAGE KEEPSAKE BOX
536412,TOTE BAG I LOVE LONDON
536412,12 DAISY PEGS IN WOOD BOX
536412,TOTE BAG I LOVE LONDON
536412,FOLDING UMBRELLA PINKWHITE POLKADOT
536412,FOLDING UMBRELLA CREAM POLKADOT
536412,FOLDING UMBRELLA WHITE/RED POLKADOT
536412,SET 10 LIGHTS NIGHT OWL
536412,SMALL POPCORN HOLDER
536412,SET 2 TEA TOWELS I LOVE LONDON
536412,FOLDING UMBRELLA RED/WHITE POLKADOT
536412,BABUSHKA LIGHTS STRING OF 10
536412,LUNCH BAG RED RETROSPOT
536412,S/4 VALENTINE DECOUPAGE HEART BOX
536412,FOLDING UMBRELLA CREAM POLKADOT
536412,SET 2 TEA TOWELS I LOVE LONDON
536412,FOLDING UMBRELLA RED/WHITE POLKADOT
536412,SOLDIERS EGG CUP
536412,S/4 VALENTINE DECOUPAGE HEART BOX
536412,RED RETROSPOT MINI CASES
536415,60 CAKE CASES VINTAGE CHRISTMAS
536415,PAPER CHAIN KIT VINTAGE CHRISTMAS
536415,RIBBON REEL CHRISTMAS SOCK BAUBLE
536415,RIBBON REEL SNOWY VILLAGE
536415,RIBBON REEL MAKING SNOWMEN
536415,SET OF 20 VINTAGE CHRISTMAS NAPKINS
536415,TURQUOISE CHRISTMAS TREE
536415,RED STAR CARD HOLDER
536415,WICKER WREATH SMALL
536415,HEART OF WICKER LARGE
536415,ADVENT CALENDAR GINGHAM SACK
536415,HEART OF WICKER SMALL
536415,FELTCRAFT BUTTERFLY HEARTS
536415,PARTY CONE CHRISTMAS DECORATION
536415,VINTAGE HEADS AND TAILS CARD GAME
536415,WICKER STAR
536415,VINTAGE SNAP CARDS
536415,FELTCRAFT 6 FLOWER FRIENDS
536415,SET 2 TEA TOWELS I LOVE LONDON
536415,JAM MAKING SET PRINTED
536415,BIRD DECORATION RED RETROSPOT
536415,CHRISTMAS GINGHAM TREE
536415,CHRISTMAS GINGHAM STAR
536415,CHRISTMAS GINGHAM HEART
536415,PACK OF 12 PINK POLKADOT TISSUES
536415,FELTCRAFT PRINCESS LOLA DOLL
536415,PACK OF 12 LONDON TISSUES
536415,PURPLE DRAWERKNOB ACRYLIC EDWARDIAN
536415,CHILDREN'S APRON DOLLY GIRL
536415,CHILDRENS APRON SPACEBOY DESIGN
536415,CHRISTMAS LIGHTS 10 SANTAS
536415,CHRISTMAS LIGHTS 10 REINDEER
536415,PAPER CHAIN KIT 50'S CHRISTMAS
536415,FELTCRAFT CHRISTMAS FAIRY
536415,PACK OF 72 RETROSPOT CAKE CASES
536415,PACK OF 60 MUSHROOM CAKE CASES
536415,60 CAKE CASES DOLLY GIRL DESIGN
536415,PACK OF 60 PINK PAISLEY CAKE CASES
536415,HAND WARMER BABUSHKA DESIGN
536415,HAND WARMER BIRD DESIGN
536415,HAND WARMER OWL DESIGN
536415,HAND WARMER RED RETROSPOT
536415,SET 12 RETRO WHITE CHALK STICKS
536415,FELTCRAFT HAIRBAND RED AND BLUE
536415,FELTCRAFT HAIRBAND PINK AND PURPLE
536415,FELTCRAFT HAIRBANDS PINK AND WHITE
536415,TV DINNER TRAY DOLLY GIRL
536415,PLASTERS IN TIN VINTAGE PAISLEY
536415,PLASTERS IN TIN SPACEBOY
536415,PLASTERS IN TIN WOODLAND ANIMALS
536415,MAGIC DRAWING SLATE SPACEBOY
536415,MAGIC DRAWING SLATE CIRCUS PARADE
536415,MAGIC DRAWING SLATE GO TO THE FAIR
536415,MAGIC DRAWING SLATE DOLLY GIRL
536415,CHARLIE + LOLA RED HOT WATER BOTTLE
536415,HOT WATER BOTTLE BABUSHKA
536415,URBAN BLACK RIBBONS
536415,FELTCRAFT PRINCESS CHARLOTTE DOLL
536415,SET OF 6 T-LIGHTS TOADSTOOLS
536416,ROTATING LEAVES T-LIGHT HOLDER
536416,RED  HARMONICA IN BOX
536416,CUPCAKE LACE PAPER SET 6
536416,FAMILY PHOTO FRAME CORNICE
536416,TRIPLE PHOTO FRAME CORNICE
536416,WOODEN FRAME ANTIQUE WHITE
536420,WOODEN BOX OF DOMINOES
536420,TRADITIONAL WOODEN CATCH CUP GAME
536420,TRADITIONAL WOODEN SKIPPING ROPE
536420,S/6 WOODEN SKITTLES IN COTTON BAG
536420,RED METAL BEACH SPADE
536420,BOYS VINTAGE TIN SEASIDE BUCKET
536420,GIRLS VINTAGE TIN SEASIDE BUCKET
536420,GREY HEART HOT WATER BOTTLE
536420,SCOTTIE DOG HOT WATER BOTTLE
536420,BIRD HOUSE HOT WATER BOTTLE
536420,KINGS CHOICE TEA CADDY
536420,KINGS CHOICE BISCUIT TIN
536420,METAL SIGN EMPIRE TEA
536420,HOMEMADE JAM SCENTED CANDLES
536423,SET OF 6 SOLDIER SKITTLES
536423,FAWN BLUE HOT WATER BOTTLE
536423,HAND WARMER RED RETROSPOT
536423,HOT WATER BOTTLE BABUSHKA
536423,WHITE SKULL HOT WATER BOTTLE
536423,RETROSPOT HEART HOT WATER BOTTLE
536423,RED WOOLLY HOTTIE WHITE HEART.
536423,SCOTTIE DOG HOT WATER BOTTLE
536423,GREY HEART HOT WATER BOTTLE
536425,HOT WATER BOTTLE BABUSHKA
536425,PACK OF 6 BIRDY GIFT TAGS
536425,CHILLI LIGHTS
536425,PIGGY BANK RETROSPOT
536425,CERAMIC STRAWBERRY MONEY BOX
536425,CERAMIC STRAWBERRY CAKE MONEY BANK
536425,CERAMIC CHERRY CAKE MONEY BANK
536425,CERAMIC HEART FAIRY CAKE MONEY BANK
536425,CERAMIC PIRATE CHEST MONEY BANK
536425,DOORSTOP RETROSPOT HEART
536425,GINGHAM HEART  DOORSTOP RED
536425,RETROSPOT BABUSHKA DOORSTOP
536425,SILK PURSE BABUSHKA RED
536425,SILK PURSE BABUSHKA PINK
536425,FAMILY PHOTO FRAME CORNICE
536425,SWEETHEART WIRE WALL TIDY
536425,JAM MAKING SET PRINTED
536437,RED RETROSPOT OVEN GLOVE
536437,CREAM HEART CARD HOLDER
536437,NAMASTE SWAGAT INCENSE
536437,CERAMIC STRAWBERRY DESIGN MUG
536437,BLACK HEART CARD HOLDER
536437,CLASSICAL ROSE SMALL VASE
536446,HYACINTH BULB T-LIGHT CANDLES
536446,CHRISTMAS CRAFT WHITE FAIRY
536446,CHRISTMAS CRAFT LITTLE FRIENDS
536446,COSY HOUR CIGAR BOX MATCHES
536446,RED TEA TOWEL CLASSIC DESIGN
536446,HEART FILIGREE DOVE  SMALL
536446,RETROSPOT CHILDRENS APRON
536446,COLOURING PENCILS BROWN TUBE
536446,4 IVORY DINNER CANDLES SILVER FLOCK
536446,HEART FILIGREE DOVE  SMALL
536446,ZINC METAL HEART DECORATION
536446,GREEN FERN NOTEBOOK
536446,BLUE PAISLEY NOTEBOOK
536446,CHRYSANTHEMUM NOTEBOOK
536446,LARGE CHINESE STYLE SCISSOR
536446,SMALL CHINESE STYLE SCISSOR
536446,S/6 WOODEN SKITTLES IN COTTON BAG
536446,TRADITIONAL WOODEN SKIPPING ROPE
536446,SET OF 6 SOLDIER SKITTLES
536446,4 TRADITIONAL SPINNING TOPS
536446,ROTATING SILVER ANGELS T-LIGHT HLDR
536446,BLACK LOVE BIRD CANDLE
536446,RETROSPOT CHILDRENS APRON
536446,HANGING GLASS ETCHED TEALIGHT
536446,HANGING GLASS ETCHED TEALIGHT
536446,BLUE NEW BAROQUE CANDLESTICK CANDLE
536446,COOKING SET RETROSPOT
536446,KINGS CHOICE GIANT TUBE MATCHES
536446,COSY HOUR GIANT TUBE MATCHES
536446,PLACE SETTING WHITE STAR
536446,HYACINTH BULB T-LIGHT CANDLES
536446,S/15 SILVER GLASS BAUBLES IN BAG
536460,FRENCH WC SIGN BLUE METAL
536460,KINGS CHOICE GIANT TUBE MATCHES
536460,72 SWEETHEART FAIRY CAKE CASES
536460,ASSORTED COLOUR BIRD ORNAMENT
536460,FAIRY SOAP SOAP HOLDER
536460,GREEN GIANT GARDEN THERMOMETER
536460,IVORY GIANT GARDEN THERMOMETER
536460,BLUE GIANT GARDEN THERMOMETER
536460,PACK OF 60 PINK PAISLEY CAKE CASES
536460,RETROSPOT HEART HOT WATER BOTTLE
536460,CHICK GREY HOT WATER BOTTLE
536460,VICTORIAN SEWING BOX SMALL
536460,VICTORIAN SEWING BOX MEDIUM
536460,SET/10 RED POLKADOT PARTY CANDLES
536463,WASHROOM METAL SIGN
536464,BLACK SWEETHEART BRACELET
536464,DIAMANTE HAIR GRIP PACK/2 BLACK DIA
536464,BLACK DIAMANTE EXPANDABLE RING
536464,DIAMANTE HAIR GRIP PACK/2 RUBY
536464,DIAMANTE HAIR GRIP PACK/2 MONTANA
536464,BLUE SWEETHEART BRACELET
536464,PINK SWEETHEART BRACELET
536464,PURPLE SWEETHEART BRACELET
536464,JUMBO BAG PINK POLKADOT
536464,JUMBO BAG RED RETROSPOT
536464,ASSORTED COLOUR BIRD ORNAMENT
536464,PAPER CHAIN KIT 50'S CHRISTMAS
536464,RIBBON REEL CHRISTMAS PRESENT
536464,FIRST AID TIN
536464,MAKE YOUR OWN MONSOON CARD KIT
536464,PACK OF 12 HEARTS DESIGN TISSUES
536464,PACK OF 12 RED RETROSPOT TISSUES
536464,SOLDIERS EGG CUP
536464,HEART IVORY TRELLIS SMALL
536464,HEART FILIGREE DOVE  SMALL
536464,HEART FILIGREE DOVE LARGE
536464,PACK 3 BOXES BIRD PANNETONE
536464,PACK 3 BOXES CHRISTMAS PANNETONE
536464,SMALL POPCORN HOLDER
536464,PACK OF 60 PINK PAISLEY CAKE CASES
536464,SET OF 6 SOLDIER SKITTLES
536464,SWIRLY CIRCULAR RUBBERS IN BAG
536464,VINTAGE PAISLEY STATIONERY SET
536464,PAPER CHAIN KIT VINTAGE CHRISTMAS
536464,SET/10 BLUE POLKADOT PARTY CANDLES
536464,RIBBON REEL SOCKS AND MITTENS
536464,60 CAKE CASES VINTAGE CHRISTMAS
536464,CHRISTMAS METAL TAGS ASSORTED
536464,CHRISTMAS TREE T-LIGHT HOLDER
536464,STAR  T-LIGHT HOLDER
536464,HEART T-LIGHT HOLDER
536464,MINI FUNKY DESIGN TAPES
536464,SET OF 6 T-LIGHTS SNOWMEN
536464,STAR WOODEN CHRISTMAS DECORATION
536464,WOODEN HEART CHRISTMAS SCANDINAVIAN
536464,CHRISTMAS RETROSPOT TREE WOOD
536464,SET OF 6 T-LIGHTS SANTA
536464,SET/9 CHRISTMAS T-LIGHTS SCENTED
536464,BLUE ROSE FABRIC MIRROR
536464,THREE CANVAS LUGGAGE TAGS
536464,RETROSPOT PARTY BAG + STICKER SET
536464,PLASTERS IN TIN VINTAGE PAISLEY
536464,RETROSPOT SMALL TUBE MATCHES
536464,HAND WARMER SCOTTY DOG DESIGN
536464,3D CHRISTMAS STAMPS STICKERS
536464,HAND WARMER SCOTTY DOG DESIGN
536464,HAND WARMER SCOTTY DOG DESIGN
536464,CLOTHES PEGS RETROSPOT PACK 24
536464,36 FOIL HEART CAKE CASES
536464,CHRISTMAS METAL TAGS ASSORTED
536464,PACK OF 6 SWEETIE GIFT BOXES
536464,PACK OF 72 RETROSPOT CAKE CASES
536464,PACK OF 72 RETROSPOT CAKE CASES
536464,PACK OF 6 BIRDY GIFT TAGS
536464,SET/10 RED POLKADOT PARTY CANDLES
536464,SET/10 PINK POLKADOT PARTY CANDLES
536464,SET OF 3 NOTEBOOKS IN PARCEL
536464,STAR  T-LIGHT HOLDER
536464,CINAMMON SET OF 9 T-LIGHTS
536464,ORANGE SCENTED SET/9 T-LIGHTS
536464,RIBBON REEL STRIPES DESIGN
536464,SET OF 2 TINS JARDIN DE PROVENCE
536464,MAKE YOUR OWN PLAYTIME CARD KIT
536464,DINOSAURS  WRITING SET
536464,BALLOONS  WRITING SET
536464,SKULLS WRITING SET
536464,VINTAGE PAISLEY STATIONERY SET
536464,COSY SLIPPER SHOES SMALL  RED
536464,DOORMAT BLACK FLOCK
536464,JUMBO  BAG BAROQUE BLACK WHITE
536464,JAM MAKING SET WITH JARS
536464,ORANGE SCENTED SET/9 T-LIGHTS
536464,CINAMMON SET OF 9 T-LIGHTS
536464,HAND WARMER SCOTTY DOG DESIGN
536464,CHRISTMAS DECOUPAGE CANDLE
536464,HEART T-LIGHT HOLDER
536464,GROW YOUR OWN BASIL IN ENAMEL MUG
536464,OFFICE MUG WARMER POLKADOT
536464,SMALL POPCORN HOLDER
536464,JUMBO BAG DOLLY GIRL DESIGN
536466,JAM MAKING SET WITH JARS
536466,JAM MAKING SET PRINTED
536477,SMALL GLASS HEART TRINKET POT
536477,RED WOOLLY HOTTIE WHITE HEART.
536477,BLACK RECORD COVER FRAME
536477,"RECORD FRAME 7"" SINGLE SIZE"
536477,36 PENCILS TUBE RED RETROSPOT
536477,36 PENCILS TUBE WOODLAND
536477,SET OF 6 SOLDIER SKITTLES
536477,ROCKING HORSE RED CHRISTMAS
536477,CHRISTMAS GINGHAM HEART
536477,CHRISTMAS GINGHAM STAR
536477,HAND WARMER UNION JACK
536477,HAND WARMER RED RETROSPOT
536477,REGENCY CAKESTAND 3 TIER
536477,JUMBO SHOPPER VINTAGE RED PAISLEY
536488,RIBBON REEL SNOWY VILLAGE
536488,VINTAGE UNION JACK BUNTING
536488,JAM MAKING SET WITH JARS
536488,RIBBON REEL STRIPES DESIGN
536488,RETRO LONGBOARD IRONING BOARD COVER
536488,3D DOG PICTURE PLAYING CARDS
536488,RETROSPOT CIGAR BOX MATCHES
536488,SET/9 CHRISTMAS T-LIGHTS SCENTED
536488,ROTATING SILVER ANGELS T-LIGHT HLDR
536488,ROTATING SILVER ANGELS T-LIGHT HLDR
536488,SAVE THE PLANET COTTON TOTE BAG
536488,SET OF 20 VINTAGE CHRISTMAS NAPKINS
536488,PAPER BUNTING WHITE LACE
536488,GENTLEMAN SHIRT REPAIR KIT
536488,CARD I LOVE LONDON
536488,PAPER CHAIN KIT VINTAGE CHRISTMAS
536488,MIRRORED WALL ART FOXY
536488,MIRRORED WALL ART GENTS
536488,AIRLINE BAG VINTAGE JET SET WHITE
536488,JAM MAKING SET PRINTED
536488,POTTING SHED SOW 'N' GROW SET
536488,BABUSHKA LIGHTS STRING OF 10
536488,REX CASH+CARRY JUMBO SHOPPER
536488,AIRLINE BAG VINTAGE WORLD CHAMPION
536488,HAND WARMER BIRD DESIGN
536488,CHRISTMAS CRAFT LITTLE FRIENDS
536488,PINK HEARTS PAPER GARLAND
536488,POTTING SHED SEED ENVELOPES
536488,HI TEC ALPINE HAND WARMER
536488,FELTCRAFT CHRISTMAS FAIRY
536488,HI TEC ALPINE HAND WARMER
536488,ROTATING SILVER ANGELS T-LIGHT HLDR
536488,3 STRIPEY MICE FELTCRAFT
536488,FELTCRAFT 6 FLOWER FRIENDS
536488,CHRISTMAS CRAFT LITTLE FRIENDS
536500,VINTAGE UNION JACK CUSHION COVER
536500,POLYESTER FILLER PAD 45x45cm
536500,DOLLY GIRL LUNCH BOX
536500,PACK OF 12 LONDON TISSUES
536500,CARD DOLLY GIRL
536500,CARD BILLBOARD FONT
536500,RAINY LADIES BIRTHDAY CARD
536500,GREY HEART HOT WATER BOTTLE
536500,RED WOOLLY HOTTIE WHITE HEART.
536500,RED WHITE SCARF  HOT WATER BOTTLE
536500,SET 2 TEA TOWELS I LOVE LONDON
536500,SET OF 2 TEA TOWELS APPLE AND PEARS
536500,SET/2 RED RETROSPOT TEA TOWELS
536500,LOVE BUILDING BLOCK WORD
536500,HOME BUILDING BLOCK WORD
536502,ASSORTED COLOUR BIRD ORNAMENT
536502,LANTERN CREAM GAZEBO
536502,BLUE BIRDHOUSE DECORATION
536502,WHITE HANGING HEART T-LIGHT HOLDER
536502,REGENCY CAKESTAND 3 TIER
536508,ANTIQUE SILVER TEA GLASS ENGRAVED
536508,AGED GLASS SILVER T-LIGHT HOLDER
536514,HAND WARMER OWL DESIGN
536514,SET OF 2 WOODEN MARKET CRATES
536514,SET OF 6 T-LIGHTS TOADSTOOLS
536514,HAND WARMER UNION JACK
536514,HAND WARMER SCOTTY DOG DESIGN
536520,CLASSIC FRENCH STYLE BASKET NATURAL
536520,CRAZY DAISY HEART DECORATION
536520,GIN + TONIC DIET METAL SIGN
536520,IVORY GIANT GARDEN THERMOMETER
536520,CARD HOLDER GINGHAM HEART
536520,SMALL STRIPES CHOCOLATE GIFT BAG
536520,S/6 WOODEN SKITTLES IN COTTON BAG
536520,HAND WARMER RED RETROSPOT
536520,HAND WARMER UNION JACK
536520,FRENCH WC SIGN BLUE METAL
536520,PINK UNION JACK  LUGGAGE TAG
536520,"TRAY, BREAKFAST IN BED"
536520,PIZZA PLATE IN BOX
536520,HEART OF WICKER LARGE
536520,PINK HEART DOTS HOT WATER BOTTLE
536520,PLACE SETTING WHITE HEART
536520,SET OF 4 NAPKIN CHARMS LEAVES
536520,SET OF 4 NAPKIN CHARMS STARS
536520,SET OF 4 NAPKIN CHARMS CUTLERY
536520,CARAVAN SQUARE TISSUE BOX
536520,PLASTERS IN TIN SKULLS
536520,PLASTERS IN TIN SPACEBOY
536520,BUTTON BOX
536520,PLASTERS IN TIN VINTAGE PAISLEY
536520,12 MESSAGE CARDS WITH ENVELOPES
536520,SMALL RED BABUSHKA NOTEBOOK
536520,CUPCAKE LACE PAPER SET 6
536520,PACK 3 BOXES CHRISTMAS PANNETONE
536520,HERB MARKER MINT
536520,HERB MARKER ROSEMARY
536520,HERB MARKER BASIL
536520,HERB MARKER CHIVES
536520,HERB MARKER PARSLEY
536520,HERB MARKER THYME
536520,WHITE HANGING HEART T-LIGHT HOLDER
536520,METAL MERRY CHRISTMAS WREATH
536520,WHITE CHRISTMAS GARLAND STARS TREES
536520,RETROSPOT SMALL TUBE MATCHES
536520,RETROSPOT GIANT TUBE MATCHES
536520,PLACE SETTING WHITE STAR
536520,GROW YOUR OWN BASIL IN ENAMEL MUG
536520,36 FOIL STAR CAKE CASES
536520,36 FOIL HEART CAKE CASES
536520,PACK OF 6 SWEETIE GIFT BOXES
536520,PACK OF 6 HANDBAG GIFT BOXES
536520,GARLAND WOODEN HAPPY EASTER
536520,CALENDAR PAPER CUT DESIGN
536520,CALENDAR IN SEASON DESIGN
536520,SMALL POPCORN HOLDER
536520,BLUE PAISLEY TISSUE BOX
536520,HEART OF WICKER SMALL
536520,SKULLS SQUARE TISSUE BOX
536520,PINK PAISLEY SQUARE TISSUE BOX
536520,PACK OF 6 HANDBAG GIFT BOXES
536520,TOAST ITS - HAPPY BIRTHDAY
536520,SET/10 IVORY POLKADOT PARTY CANDLES
536520,SET/10 BLUE POLKADOT PARTY CANDLES
536520,SET/10 PINK POLKADOT PARTY CANDLES
536520,SET OF 3 HEART COOKIE CUTTERS
536520,PACK OF 12 HEARTS DESIGN TISSUES
536520,SKULLS STORAGE BOX SMALL
536520,REX CASH+CARRY JUMBO SHOPPER
536520,JUMBO STORAGE BAG SKULLS
536520,GARDEN PATH JOURNAL
536520,HEART OF WICKER SMALL
536520,BLACK ORANGE SQUEEZER
536520,SET OF 72 GREEN PAPER DOILIES
536520,RETROSPOT RED WASHING UP GLOVES
536520,SMALL LICORICE DES PINK BOWL
536520,"SWISS ROLL TOWEL, CHOCOLATE  SPOTS"
536520,PICNIC BASKET WICKER LARGE
536521,CREAM SWEETHEART EGG HOLDER
536522,PINK 3 PIECE POLKADOT CUTLERY SET
536522,PINK PARTY BAGS
536522,BLUE PARTY BAGS
536522,FELTCRAFT PRINCESS CHARLOTTE DOLL
536522,PINK CREAM FELT CRAFT TRINKET BOX
536522,FELTCRAFT CUSHION BUTTERFLY
536522,RED RETROSPOT OVEN GLOVE DOUBLE
536522,RIDGED GLASS STORAGE JAR CREAM LID
536522,BOX OF 6 ASSORTED COLOUR TEASPOONS
536522,PACK OF 20 NAPKINS PANTRY DESIGN
536522,HAND WARMER OWL DESIGN
536522,HAND WARMER SCOTTY DOG DESIGN
536522,HAND WARMER RED RETROSPOT
536522,SWEETHEART CAKESTAND 3 TIER
536522,STAR DECORATION PAINTED ZINC
536522,CHRISTMAS HANGING STAR WITH BELL
536522,SILK PURSE BABUSHKA PINK
536522,MULTICOLOUR  CONFETTI IN TUBE
536522,ORANGE SCENTED SET/9 T-LIGHTS
536522,SET/10 RED POLKADOT PARTY CANDLES
536522,PLACE SETTING WHITE HEART
536522,ZINC METAL HEART DECORATION
536522,AGED GLASS SILVER T-LIGHT HOLDER
536522,CHOCOLATE 3 WICK MORRIS BOX CANDLE
536522,SET OF 16 VINTAGE PISTACHIO CUTLERY
536522,CINAMMON SET OF 9 T-LIGHTS
536522,RIBBON REEL CHRISTMAS SOCK BAUBLE
536522,RETRO COFFEE MUGS ASSORTED
536522,CHRISTMAS LIGHTS 10 REINDEER
536522,CHRISTMAS TOILET ROLL
536522,PLACE SETTING WHITE HEART
536522,ZINC METAL HEART DECORATION
536522,SET/5 RED RETROSPOT LID GLASS BOWLS
536522,FELTCRAFT PRINCESS CHARLOTTE DOLL
536522,PINK HEARTS PAPER GARLAND
536522,BLUE 3 PIECE POLKADOT CUTLERY SET
536522,CHRISTMAS HANGING STAR WITH BELL
536522,WHITE BELL HONEYCOMB PAPER
536522,BLACK/BLUE POLKADOT UMBRELLA
536522,SET/10 BLUE POLKADOT PARTY CANDLES
536522,4 PURPLE FLOCK DINNER CANDLES
536522,PINK & WHITE BREAKFAST TRAY
536522,PIZZA PLATE IN BOX
536522,ENGLISH ROSE SPIRIT LEVEL
536522,SET/10 RED POLKADOT PARTY CANDLES
536522,SET/10 PINK POLKADOT PARTY CANDLES
536522,LARGE ROUND WICKER PLATTER
536522,FELTCRAFT HAIRBAND PINK AND PURPLE
536522,RIDGED GLASS STORAGE JAR CREAM LID
536522,HAND WARMER RED RETROSPOT
536522,SET/10 PINK POLKADOT PARTY CANDLES
536522,BLACK TEA TOWEL CLASSIC DESIGN
536522,JUMBO BAG RED RETROSPOT
536522,JUMBO STORAGE BAG SUKI
536523,CHRISTMAS LIGHTS 10 VINTAGE BAUBLES
536523,BABUSHKA LIGHTS STRING OF 10
536523,FELTCRAFT 6 FLOWER FRIENDS
536523,RETROSPOT HEART HOT WATER BOTTLE
536523,VICTORIAN SEWING BOX SMALL
536523,HOMEMADE JAM SCENTED CANDLES
536523,ROSES REGENCY TEACUP AND SAUCER
536523,T-LIGHT HOLDER HANGING LACE
536523,HANGING HEART MIRROR DECORATION
536523,LOVEBIRD HANGING DECORATION WHITE
536523,SCOTTIE DOG HOT WATER BOTTLE
536523,HEART FILIGREE DOVE  SMALL
536524,"SWISS ROLL TOWEL, CHOCOLATE  SPOTS"
536524,CREAM SLICE FLANNEL CHOCOLATE SPOT
536524,CREAM SLICE FLANNEL PINK SPOT
536524,GREEN REGENCY TEACUP AND SAUCER
536525,EIGHT PIECE DINOSAUR SET
536525,VINTAGE HEADS AND TAILS CARD GAME
536525,HEADS AND TAILS SPORTING FUN
536525,FELTCRAFT 6 FLOWER FRIENDS
536525,ASS COL SMALL SAND GECKO P'WEIGHT
536525,REGENCY CAKESTAND 3 TIER
536525,ENAMEL MEASURING JUG CREAM
536525,ENAMEL FIRE BUCKET CREAM
536525,12 PENCILS SMALL TUBE SKULL
536525,12 PENCIL SMALL TUBE WOODLAND
536525,BLUE PAPER PARASOL
536525,HANGING MEDINA LANTERN SMALL
536525,RED RETROSPOT MINI CASES
536526,VICTORIAN  METAL POSTCARD SPRING
536526,METAL 4 HOOK HANGER FRENCH CHATEAU
536526,BLACK KITCHEN SCALES
536526,RED KITCHEN SCALES
536526,IVORY KITCHEN SCALES
536526,JUMBO BAG PINK VINTAGE PAISLEY
536526,JUMBO BAG RED RETROSPOT
536526,JUMBO SHOPPER VINTAGE RED PAISLEY
536526,GREY HEART HOT WATER BOTTLE
536527,SET OF 6 T-LIGHTS SANTA
536527,ROTATING SILVER ANGELS T-LIGHT HLDR
536527,MULTI COLOUR SILVER T-LIGHT HOLDER
536527,5 HOOK HANGER MAGIC TOADSTOOL
536527,3 HOOK HANGER MAGIC GARDEN
536527,5 HOOK HANGER RED MAGIC TOADSTOOL
536527,ASSORTED COLOUR LIZARD SUCTION HOOK
536527,JUMBO BAG WOODLAND ANIMALS
536527,JUMBO BAG OWLS
536527,HOT WATER BOTTLE BABUSHKA
536527,HOMEMADE JAM SCENTED CANDLES
536527,CHILDREN'S CIRCUS PARADE MUG
536527,PACK 3 FIRE ENGINE/CAR PATCHES
536527,PICTURE DOMINOES
536527,POSTAGE
536528,CARD PSYCHEDELIC APPLES
536528,HAND WARMER OWL DESIGN
536528,PACK OF 6 BIRDY GIFT TAGS
536528,COSY HOUR GIANT TUBE MATCHES
536528,SET OF 72 GREEN PAPER DOILIES
536528,IVORY ENCHANTED FOREST PLACEMAT
536528,PACK 3 BOXES BIRD PANNETONE
536528,PARTY CONES CANDY ASSORTED
536528,3 TIER CAKE TIN GREEN AND CREAM
536528,PACK OF 6 PANNETONE GIFT BOXES
536528,PARTY CONE CHRISTMAS DECORATION
536528,CUPCAKE LACE PAPER SET 6
536528,JUMBO SHOPPER VINTAGE RED PAISLEY
536528,RED TOADSTOOL LED NIGHT LIGHT
536528,PACK OF 12 LONDON TISSUES
536528,MEASURING TAPE BABUSHKA RED
536528,HAND WARMER OWL DESIGN
536528,VINTAGE PAISLEY STATIONERY SET
536528,ROUND SNACK BOXES SET OF4 WOODLAND
536528,RIBBON REEL STRIPES DESIGN
536528,SCANDINAVIAN REDS RIBBONS
536528,6 RIBBONS RUSTIC CHARM
536528,TRADITIONAL CHRISTMAS RIBBONS
536528,HAND WARMER OWL DESIGN
536528,HAND WARMER BIRD DESIGN
536528,PAPER CHAIN KIT VINTAGE CHRISTMAS
536528,JAM JAR WITH GREEN LID
536528,JAM MAKING SET WITH JARS
536528,RED ENCHANTED FOREST PLACEMAT
536528,IVORY ENCHANTED FOREST PLACEMAT
536528,CHILDRENS DOLLY GIRL MUG
536528,REGENCY CAKESTAND 3 TIER
536528,TOADSTOOL MONEY BOX
536528,CUPCAKE LACE PAPER SET 6
536528,PACK 3 BOXES CHRISTMAS PANNETONE
536528,PACK OF 6 PANNETONE GIFT BOXES
536528,MAKE YOUR OWN MONSOON CARD KIT
536528,MAKE YOUR OWN FLOWERPOWER CARD KIT
536528,PAPER CHAIN KIT LONDON
536528,PACK OF 6 BIRDY GIFT TAGS
536528,SET 2 TEA TOWELS I LOVE LONDON
536528,PAPER CHAIN KIT LONDON
536528,MAKE YOUR OWN FLOWERPOWER CARD KIT
536528,MAKE YOUR OWN MONSOON CARD KIT
536528,JAM MAKING SET PRINTED
536528,JUMBO SHOPPER VINTAGE RED PAISLEY
536528,MEASURING TAPE BABUSHKA RED
536528,MEASURING TAPE BABUSHKA BLUE
536528,SET OF 72 GREEN PAPER DOILIES
536528,PENCIL CASE LIFE IS BEAUTIFUL
536528,FELTCRAFT CUSHION OWL
536528,FELTCRAFT CUSHION RABBIT
536528,WOODEN ROUNDERS GARDEN SET
536528,CHILDS BREAKFAST SET DOLLY GIRL
536528,CHILDS BREAKFAST SET SPACEBOY
536528,3 TIER CAKE TIN GREEN AND CREAM
536528,ROSE COTTAGE KEEPSAKE BOX
536529,CAKE PLATE LOVEBIRD WHITE
536529,WOODEN ADVENT CALENDAR RED
536529,STAR PORTABLE TABLE LIGHT
536529,GREEN CHRISTMAS TREE CARD HOLDER
536529,STRING OF STARS CARD HOLDER
536529,SET/12 TAPER CANDLES
536529,VICTORIAN SEWING BOX LARGE
536529,MINT KITCHEN SCALES
536529,WHITE WOOD GARDEN PLANT LADDER
536530,GLASS JAR ENGLISH CONFECTIONERY
536530,GLASS JAR DIGESTIVE BISCUITS
536530,MILK BOTTLE WITH GLASS STOPPER
536530,ROSES REGENCY TEACUP AND SAUCER
536530,VINTAGE BILLBOARD DRINK ME MUG
536530,CHRISTMAS LIGHTS 10 REINDEER
536530,WELCOME  WOODEN BLOCK LETTERS
536530,REGENCY CAKESTAND 3 TIER
536530,SET/4 MODERN VINTAGE COTTON NAPKINS
536530,VINTAGE UNION JACK APRON
536530,SET 3 WICKER OVAL BASKETS W LIDS
536530,SWALLOW SQUARE TISSUE BOX
536530,WASHROOM METAL SIGN
536530,NO JUNK MAIL METAL SIGN
536530,SLATE TILE NATURAL HANGING
536530,SWALLOW SQUARE TISSUE BOX
536530,VINTAGE GLASS COFFEE CADDY
536530,SILVER GLASS T-LIGHT SET
536530,RIDGED GLASS FINGER BOWL
536530,GLASS  BEURRE DISH
536530,RIDGED GLASS STORAGE JAR CREAM LID
536530,CHRISTMAS LIGHTS 10 VINTAGE BAUBLES
536530,JUMBO SHOPPER VINTAGE RED PAISLEY
536531,GIN & TONIC DIET GREETING CARD
536531,"BIRTHDAY CARD, RETRO SPOT"
536531,"FANCY FONT BIRTHDAY CARD,"
536531,WRAP RED APPLES
536531,RED RETROSPOT WRAP
536531,EDWARDIAN PARASOL NATURAL
536531,EDWARDIAN PARASOL BLACK
536531,EDWARDIAN PARASOL RED
536531,WRAP CHRISTMAS SCREEN PRINT
536531,RED RETROSPOT WRAP
536531,FANCY FONTS BIRTHDAY WRAP
536531,CLASSIC WHITE FRAME
536531,ALARM CLOCK BAKELIKE RED
536531,ALARM CLOCK BAKELIKE GREEN
536531,ALARM CLOCK BAKELIKE IVORY
536531,PAPER CHAIN KIT 50'S CHRISTMAS
536531,PAPER CHAIN KIT VINTAGE CHRISTMAS
536531,BLACK DINER WALL CLOCK
536531,BLUE DINER WALL CLOCK
536531,RED DINER WALL CLOCK
536531,IVORY DINER WALL CLOCK
536531,DOORMAT PEACE ON EARTH BLUE
536531,FAMILY PHOTO FRAME CORNICE
536532,BOX OF 24 COCKTAIL PARASOLS
536532,GROW YOUR OWN PLANT IN A CAN
536532,CHILDREN'S APRON DOLLY GIRL
536532,RETROSPOT CHILDRENS APRON
536532,PLASTERS IN TIN CIRCUS PARADE
536532,PLASTERS IN TIN STRONGMAN
536532,PLASTERS IN TIN WOODLAND ANIMALS
536532,PLASTERS IN TIN SKULLS
536532,PLASTERS IN TIN SPACEBOY
536532,MINI JIGSAW DINOSAUR
536532,MINI JIGSAW SPACEBOY
536532,MINI JIGSAW BAKE A CAKE
536532,MINI JIGSAW CIRCUS PARADE
536532,MINI JIGSAW DOLLY GIRL
536532,MAGIC DRAWING SLATE SPACEBOY
536532,MAGIC DRAWING SLATE DOLLY GIRL
536532,MAGIC DRAWING SLATE CIRCUS PARADE
536532,WOODEN SCHOOL COLOURING SET
536532,PACK OF 12 TRADITIONAL CRAYONS
536532,CARD PARTY GAMES
536532,BOOZE & WOMEN GREETING CARD
536532,"FANCY FONT BIRTHDAY CARD,"
536532,CARD CIRCUS PARADE
536532,HAND WARMER SCOTTY DOG DESIGN
536532,HAND WARMER RED RETROSPOT
536532,HAND WARMER OWL DESIGN
536532,HOT WATER BOTTLE TEA AND SYMPATHY
536532,PACK OF 12 SUKI TISSUES
536532,PACK OF 12 WOODLAND TISSUES
536532,PACK OF 12 SKULL TISSUES
536532,BLUE PAISLEY TISSUE BOX
536532,PACK OF 12 BLUE PAISLEY TISSUES
536532,PACK OF 12 CIRCUS PARADE TISSUES
536532,PACK OF 12 RED RETROSPOT TISSUES
536532,PACK OF 12 SPACEBOY TISSUES
536532,LADS ONLY TISSUE BOX
536532,RED RETROSPOT TISSUE BOX
536532,PACK OF 12 PINK PAISLEY TISSUES
536532,PLASTERS IN TIN VINTAGE PAISLEY
536532,POLKADOT RAIN HAT
536532,SET/20 RED RETROSPOT PAPER NAPKINS
536532,JAM JAR WITH GREEN LID
536532,JAM JAR WITH PINK LID
536532,JAM MAKING SET PRINTED
536532,SET OF 20 KIDS COOKIE CUTTERS
536532,GINGERBREAD MAN COOKIE CUTTER
536532,GIN AND TONIC MUG
536532,IF YOU CAN'T STAND THE HEAT MUG
536532,I CAN ONLY PLEASE ONE PERSON MUG
536532,36 FOIL HEART CAKE CASES
536532,PINK HEART SHAPE EGG FRYING PAN
536532,60 TEATIME FAIRY CAKE CASES
536532,72 SWEETHEART FAIRY CAKE CASES
536532,PACK OF 72 SKULL CAKE CASES
536532,PACK OF 60 PINK PAISLEY CAKE CASES
536532,PACK OF 72 RETROSPOT CAKE CASES
536532,LARGE POPCORN HOLDER
536532,SMALL POPCORN HOLDER
536532,200 RED + WHITE BENDY STRAWS
536532,RECIPE BOX RETROSPOT
536532,RECIPE BOX PANTRY YELLOW DESIGN
536532,RECIPE BOX BLUE SKETCHBOOK DESIGN
536532,CLOTHES PEGS RETROSPOT PACK 24
536532,20 DOLLY PEGS RETROSPOT
536532,LADIES & GENTLEMEN METAL SIGN
536532,COOK WITH WINE METAL SIGN
536532,HAND OVER THE CHOCOLATE   SIGN
536532,NO SINGING METAL SIGN
536532,RED HANGING HEART T-LIGHT HOLDER
536532,DOORMAT RED RETROSPOT
536532,BISCUIT TIN VINTAGE RED
536532,EMERGENCY FIRST AID TIN
536532,FIRST AID TIN
536533,RETROSPOT RED WASHING UP GLOVES
536533,POLKADOT PEN
536533,DECORATIVE PLANT POT WITH FRIEZE
536533,FRENCH BLUE METAL DOOR SIGN 5
536533,CHEST OF DRAWERS GINGHAM HEART
536533,RED RETROSPOT CAKE STAND
536534,HAND WARMER SCOTTY DOG DESIGN
536534,HAND WARMER BABUSHKA DESIGN
536534,HAND WARMER OWL DESIGN
536534,HAND WARMER BIRD DESIGN
536534,CHOCOLATE HOT WATER BOTTLE
536535,CHRISTMAS LIGHTS 10 VINTAGE BAUBLES
536535,JOY WOODEN BLOCK LETTERS
536535,NOEL WOODEN BLOCK LETTERS
536535,PEACE WOODEN BLOCK LETTERS
536535,RETROSPOT HEART HOT WATER BOTTLE
536535,LOVEBIRD HANGING DECORATION WHITE
536535,DOORMAT FANCY FONT HOME SWEET HOME
536535,DOORMAT HEARTS
536535,DOORMAT RED RETROSPOT
536535,RETROSPOT CHILDRENS APRON
536535,10 COLOUR SPACEBOY PEN
536535,OFFICE MUG WARMER BLACK+SILVER
536536,RETROSPOT HEART HOT WATER BOTTLE
536536,ASSORTED COLOUR BIRD ORNAMENT
536536,SET OF 2 CHRISTMAS DECOUPAGE CANDLE
536537,COSMETIC BAG VINTAGE ROSE PAISLEY
536537,RETROSPOT PARTY BAG + STICKER SET
536537,PINK ROSE FABRIC MIRROR
536537,SILVER PLATE CANDLE BOWL SMALL
536537,SMALL REGAL  SILVER CANDLEPOT
536537,CAKE STAND VICTORIAN FILIGREE MED
536537,REGENCY CAKESTAND 3 TIER
536537,ANTIQUE GLASS DRESSING TABLE POT
536537,ANTIQUE TALL SWIRLGLASS TRINKET POT
536537,ANTIQUE GLASS PEDESTAL BOWL
536537,GUMBALL MAGAZINE RACK
536538,RED FLOWER CROCHET FOOD COVER
536538,CHERRY CROCHET FOOD COVER
536538,STRAWBERRY RAFFIA FOOD COVER
536538,POLKA DOT RAFFIA FOOD COVER
536538,DOORMAT FANCY FONT HOME SWEET HOME
536538,DOORMAT TOPIARY
536538,DOORMAT SPOTTY HOME SWEET HOME
536538,T-LIGHT GLASS FLUTED ANTIQUE
536538,SILVER HANGING T-LIGHT HOLDER
536538,PAPER CHAIN KIT 50'S CHRISTMAS
536538,PAPER CHAIN KIT VINTAGE CHRISTMAS
536538,NATURAL SLATE HEART CHALKBOARD
536538,SILVER  CANDLEPOT JARDIN
536538,SET 7 BABUSHKA NESTING BOXES
536538,POLKADOT MUG PINK
536538,PAPER BUNTING COLOURED LACE
536538,LARGE HEART MEASURING SPOONS
536538,HEART OF WICKER LARGE
536538,HEART OF WICKER SMALL
536538,METAL 4 HOOK HANGER FRENCH CHATEAU
536538,PACK OF 6 PANNETONE GIFT BOXES
536538,PACK OF 6 HANDBAG GIFT BOXES
536538,ANTIQUE GLASS HEART DECORATION
536538,SET OF 6 KASHMIR FOLKART BAUBLES
536538,CHRISTMAS RETROSPOT ANGEL WOOD
536538,CHRISTMAS RETROSPOT TREE WOOD
536538,CHRISTMAS RETROSPOT STAR WOOD
536538,HEART WOODEN CHRISTMAS DECORATION
536538,STAR WOODEN CHRISTMAS DECORATION
536538,LARGE HANGING IVORY & RED WOOD BIRD
536538,SMALL HANGING IVORY/RED WOOD BIRD
536539,HOMEMADE JAM SCENTED CANDLES
536539,GRAND CHOCOLATECANDLE
536539,FAIRY CAKE BIRTHDAY CANDLE SET
536539,SET OF 6 T-LIGHTS TOADSTOOLS
536539,3 HOOK PHOTO SHELF ANTIQUE WHITE
536539,WOOD S/3 CABINET ANT WHITE FINISH
536539,METAL 4 HOOK HANGER FRENCH CHATEAU
536539,CREAM SWEETHEART WALL CABINET
536539,DOORMAT ENGLISH ROSE
536539,DOORMAT UNION FLAG
536539,DOORMAT TOPIARY
536539,VINTAGE UNION JACK APRON
536539,ROUND SNACK BOXES SET OF4 WOODLAND
536539,REGENCY CAKESTAND 3 TIER
536539,STAR PORTABLE TABLE LIGHT
536539,PLASTERS IN TIN VINTAGE PAISLEY
536539,PLASTERS IN TIN WOODLAND ANIMALS
536539,ROMANTIC IMAGES NOTEBOOK SET
536539,CURIOUS  IMAGES NOTEBOOK SET
536539,VINTAGE KEEPSAKE BOX PARIS DAYS
536539,RED GINGHAM ROSE JEWELLERY BOX
536539,HAND WARMER BIRD DESIGN
536539,HAND WARMER RED RETROSPOT
536539,ENGLISH ROSE HOT WATER BOTTLE
536539,HOT WATER BOTTLE TEA AND SYMPATHY
536539,FAWN BLUE HOT WATER BOTTLE
536539,RECYCLING BAG RETROSPOT
536540,ROSE COTTAGE KEEPSAKE BOX
536540,BLUE CHARLIE+LOLA PERSONAL DOORSIGN
536540,"CHARLIE+LOLA""EXTREMELY BUSY"" SIGN"
536540,CHARLOTTE BAG SUKI DESIGN
536540,LOLITA  DESIGN  COTTON TOTE BAG
536540,LETS GO SHOPPING COTTON TOTE BAG
536540,FELTCRAFT BUTTERFLY HEARTS
536540,3 STRIPEY MICE FELTCRAFT
536540,MINI PAINT SET VINTAGE
536540,PAINT YOUR OWN CANVAS SET
536540,CAMOUFLAGE LED TORCH
536540,BLUE DRAGONFLY HELICOPTER
536540,YELLOW SHARK HELICOPTER
536540,RED SHARK HELICOPTER
536540,TOOL BOX SOFT TOY
536540,DOCTOR'S BAG SOFT TOY
536540,WOODEN BOX OF DOMINOES
536540,TRADITIONAL WOODEN SKIPPING ROPE
536540,BOX OF VINTAGE ALPHABET BLOCKS
536540,CARRIAGE
536541,RED  HARMONICA IN BOX
536542,LUNCH BAG SPACEBOY DESIGN
536542,LUNCH BAG  BLACK SKULL.
536542,LUNCH BAG SUKI  DESIGN
536542,JUMBO BAG PINK POLKADOT
536542,JUMBO BAG RED RETROSPOT
536542,RECYCLING BAG RETROSPOT
536542,JUMBO BAG WOODLAND ANIMALS
536542,JUMBO BAG STRAWBERRY
536542,JUMBO  BAG BAROQUE BLACK WHITE
536542,JUMBO STORAGE BAG SKULLS
536542,JUMBO BAG SCANDINAVIAN PAISLEY
536542,JUMBO SHOPPER VINTAGE RED PAISLEY
536542,JUMBO STORAGE BAG SUKI
536542,JUMBO BAG TOYS
536542,JUMBO BAG OWLS
536542,WHITE HANGING HEART T-LIGHT HOLDER
536544,DECORATIVE ROSE BATHROOM BOTTLE
536544,DECORATIVE CATS BATHROOM BOTTLE
536544,POLKADOT RAIN HAT
536544,RAIN PONCHO RETROSPOT
536544,VINTAGE SNAP CARDS
536544,VINTAGE HEADS AND TAILS CARD GAME
536544,CHRISTMAS TREE DECORATION WITH BELL
536544,CHRISTMAS TREE HEART DECORATION
536544,CHRISTMAS TREE STAR DECORATION
536544,CHRISTMAS HANGING TREE WITH BELL
536544,CHRISTMAS HANGING STAR WITH BELL
536544,CHRISTMAS HANGING HEART WITH BELL
536544,GLITTER STAR GARLAND WITH BELLS
536544,GLITTER CHRISTMAS TREE WITH BELLS
536544,PAINTED METAL HEART WITH HOLLY BELL
536544,RED RETROSPOT MUG
536544,LILAC DIAMANTE PEN IN GIFT BOX
536544,I CAN ONLY PLEASE ONE PERSON MUG
536544,SAVE THE PLANET MUG
536544,GIN AND TONIC MUG
536544,HEARTS GIFT TAPE
536544,CAKES AND BOWS GIFT  TAPE
536544,BINGO SET
536544,WOODEN BOX OF DOMINOES
536544,TRADITIONAL WOODEN CATCH CUP GAME
536544,POTTING SHED SEED ENVELOPES
536544,GARDEN METAL SIGN
536544,VINTAGE SNAKES & LADDERS
536544,VINTAGE SEASIDE JIGSAW PUZZLES
536544,BLUE HARMONICA IN BOX
536544,RED  HARMONICA IN BOX
536544,UNION STRIPE WITH FRINGE  HAMMOCK
536544,JUMBO BAG SCANDINAVIAN PAISLEY
536544,SUKI  SHOULDER BAG
536544,SKULLS DESIGN FLANNEL
536544,KITTENS DESIGN FLANNEL
536544,SET OF 6 STRAWBERRY CHOPSTICKS
536544,PACK OF 60 DINOSAUR CAKE CASES
536544,PACK OF 60 PINK PAISLEY CAKE CASES
536544,PACK OF 12 SUKI TISSUES
536544,MODERN FLORAL STATIONERY SET
536544,BOHEMIAN COLLAGE STATIONERY SET
536544,VINTAGE PAISLEY STATIONERY SET
536544,FLORAL FOLK STATIONERY SET
536544,ROBOT BIRTHDAY CARD
536544,CHRISTMAS CARD SCREEN PRINT
536544,PINK DOUGHNUT TRINKET POT
536544,CHRISTMAS PUDDING TRINKET POT
536544,CHOC TRUFFLE GOLD TRINKET POT
536544,BLACK PIRATE TREASURE CHEST
536544,BROWN  PIRATE TREASURE CHEST
536544,SMALL WHITE RETROSPOT MUG IN BOX
536544,6 RIBBONS ELEGANT CHRISTMAS
536544,6 RIBBONS EMPIRE
536544,6 RIBBONS RUSTIC CHARM
536544,RIBBON REEL POLKADOTS
536544,RIBBON REEL FLORA + FAUNA
536544,RIBBON REEL STRIPES DESIGN
536544,PAPER CHAIN KIT RETROSPOT
536544,PAPER CHAIN KIT 50'S CHRISTMAS
536544,PAPER BUNTING WHITE LACE
536544,PAPER BUNTING RETROSPOT
536544,LADS ONLY TISSUE BOX
536544,SKULLS SQUARE TISSUE BOX
536544,PIZZA PLATE IN BOX
536544,BIRD HOUSE HOT WATER BOTTLE
536544,SCOTTIE DOG HOT WATER BOTTLE
536544,CHOCOLATE HOT WATER BOTTLE
536544,HOT WATER BOTTLE TEA AND SYMPATHY
536544,METAL SIGN EMPIRE TEA
536544,PARTY CONE CHRISTMAS DECORATION
536544,LADLE LOVE HEART RED
536544,LADLE LOVE HEART PINK
536544,CHRISTMAS CRAFT TREE TOP ANGEL
536544,CHRISTMAS CRAFT LITTLE FRIENDS
536544,FELTCRAFT 6 FLOWER FRIENDS
536544,ANGEL DECORATION STARS ON DRESS
536544,ANGEL DECORATION 3 BUTTONS
536544,STAR DECORATION RUSTIC
536544,HEART DECORATION WITH PEARLS
536544,HEART DECORATION RUSTIC HANGING
536544,HEART GARLAND RUSTIC PADDED
536544,FAMILY ALBUM WHITE PICTURE FRAME
536544,PHOTO CUBE
536544,VICTORIAN GLASS HANGING T-LIGHT
536544,CAKE STAND VICTORIAN FILIGREE SMALL
536544,SLATE TILE NATURAL HANGING
536544,CREAM HEART CARD HOLDER
536544,LOCAL CAFE MUG
536544,LARGE HEART MEASURING SPOONS
536544,SMALL HEART MEASURING SPOONS
536544,SMALL POPCORN HOLDER
536544,LARGE POPCORN HOLDER
536544,MILK PAN RED RETROSPOT
536544,FRYING PAN UNION FLAG
536544,LOVEBIRD HANGING DECORATION WHITE
536544,WHITE LOVEBIRD LANTERN
536544,EASTER DECORATION NATURAL CHICK
536544,WASH BAG VINTAGE ROSE PAISLEY
536544,HEART FILIGREE DOVE  SMALL
536544,HEART IVORY TRELLIS LARGE
536544,HEART IVORY TRELLIS SMALL
536544,PIG KEYRING WITH LIGHT & SOUND
536544,COFFEE MUG DOG + BALL DESIGN
536544,COFFEE MUG CAT + BIRD DESIGN
536544,TEA COSY RED  STRIPE
536544,IVORY KNITTED MUG COSY
536544,OFFICE MUG WARMER CHOC+BLUE
536544,FIVE HEART HANGING DECORATION
536544,HEART DECORATION PAINTED ZINC
536544,DOVE DECORATION PAINTED ZINC
536544,PARTY PIZZA DISH BLUE POLKADOT
536544,TEA BAG PLATE RED RETROSPOT
536544,CHARLOTTE BAG SUKI DESIGN
536544,CHARLOTTE BAG PINK POLKADOT
536544,KINGS CHOICE BISCUIT TIN
536544,GLASS JAR KINGS CHOICE
536544,GLASS JAR ENGLISH CONFECTIONERY
536544,GLASS JAR DAISY FRESH COTTON WOOL
536544,CHILDRENS APRON SPACEBOY DESIGN
536544,AIRLINE BAG VINTAGE TOKYO 78
536544,AIRLINE BAG VINTAGE JET SET BROWN
536544,AIRLINE BAG VINTAGE JET SET WHITE
536544,WALL TIDY RETROSPOT
536544,RECYCLING BAG RETROSPOT
536544,TOY TIDY SPACEBOY
536544,LUNCH BAG SUKI  DESIGN
536544,LUNCH BAG PINK POLKADOT
536544,PAPERWEIGHT KINGS CHOICE
536544,MAGNETS PACK OF 4 RETRO PHOTO
536544,10 COLOUR SPACEBOY PEN
536544,LIPSTICK PEN RED
536544,TOOTHPASTE TUBE PEN
536544,REGENCY CAKESTAND 3 TIER
536544,ENAMEL WATERING CAN CREAM
536544,WATERING CAN PINK BUNNY
536544,SET OF 9 BLACK SKULL BALLOONS
536544,GROW YOUR OWN PLANT IN A CAN
536544,SILK PURSE BABUSHKA RED
536544,NATURAL SLATE HEART CHALKBOARD
536544,HEART OF WICKER SMALL
536544,HEART OF WICKER LARGE
536544,TV DINNER TRAY AIR HOSTESS
536544,EMPIRE UNION JACK TV DINNER TRAY
536544,WATERING CAN GARDEN MARKER
536544,BIRDHOUSE GARDEN MARKER
536544,DAISY GARDEN MARKER
536544,WHITE WOOD GARDEN PLANT LADDER
536544,PACK OF 12 TRADITIONAL CRAYONS
536544,EMERGENCY FIRST AID TIN
536544,SET OF 2 TINS VINTAGE BATHROOM
536544,CHILDS GARDEN SPADE PINK
536544,CHILDS GARDEN RAKE PINK
536544,CHILDS GARDEN BRUSH PINK
536544,MAGIC DRAWING SLATE DOLLY GIRL
536544,MAGIC DRAWING SLATE CIRCUS PARADE
536544,MINI JIGSAW DOLLY GIRL
536544,MINI JIGSAW CIRCUS PARADE
536544,MINI JIGSAW BUNNIES
536544,HEADS AND TAILS SPORTING FUN
536544,PICTURE DOMINOES
536544,HOLIDAY FUN LUDO
536544,PLASTERS IN TIN SKULLS
536544,PLASTERS IN TIN STRONGMAN
536544,CLOTHES PEGS RETROSPOT PACK 24
536544,TRADITIONAL MODELLING CLAY
536544,FELTCRAFT CUSHION BUTTERFLY
536544,ROCKING HORSE RED CHRISTMAS
536544,STAR WOODEN CHRISTMAS DECORATION
536544,HEART WOODEN CHRISTMAS DECORATION
536544,ADVENT CALENDAR GINGHAM SACK
536544,PACK OF 6 SWEETIE GIFT BOXES
536544,PACK OF 6 HANDBAG GIFT BOXES
536544,CARD HOLDER GINGHAM HEART
536544,CARDHOLDER GINGHAM STAR
536544,CHRISTMAS GINGHAM HEART
536544,CHRISTMAS RETROSPOT STAR WOOD
536544,CHRISTMAS RETROSPOT ANGEL WOOD
536544,CHRISTMAS RETROSPOT TREE WOOD
536544,WOODEN CROQUET GARDEN SET
536544,PACK OF 12 SPACEBOY TISSUES
536544,PACK OF 12 LONDON TISSUES
536544,4 TRADITIONAL SPINNING TOPS
536544,RED KITCHEN SCALES
536544,SPACEBOY LUNCH BOX
536544,HAND WARMER RED RETROSPOT
536544,CHILDS BREAKFAST SET DOLLY GIRL
536544,SET OF 4 NAPKIN CHARMS HEARTS
536544,CERAMIC CHERRY CAKE MONEY BANK
536544,CERAMIC HEART FAIRY CAKE MONEY BANK
536544,CERAMIC STRAWBERRY CAKE MONEY BANK
536544,GENTLEMAN SHIRT REPAIR KIT
536544,DELUXE SEWING KIT
536544,LUNCH BAG DOLLY GIRL DESIGN
536544,TOY TIDY DOLLY GIRL DESIGN
536544,RECIPE BOX BLUE SKETCHBOOK DESIGN
536544,RECIPE BOX PANTRY YELLOW DESIGN
536544,RED BABY BUNTING
536544,FRENCH KITCHEN SIGN BLUE METAL
536544,WICKER STAR
536544,WICKER WREATH SMALL
536544,GREEN REGENCY TEACUP AND SAUCER
536544,ROSES REGENCY TEACUP AND SAUCER
536544,GUMBALL MONOCHROME COAT RACK
536544,ALARM CLOCK BAKELIKE RED
536544,ALARM CLOCK BAKELIKE PINK
536544,ALARM CLOCK BAKELIKE ORANGE
536544,ALARM CLOCK BAKELIKE IVORY
536544,SET OF 6 RIBBONS VINTAGE CHRISTMAS
536544,RIBBON REEL CHRISTMAS PRESENT
536544,RIBBON REEL SNOWY VILLAGE
536544,RIBBON REEL CHRISTMAS SOCK BAUBLE
536544,POLKADOT PEN
536544,FUNKY DIVA PEN
536544,MAKE YOUR OWN MONSOON CARD KIT
536544,POPPY'S PLAYHOUSE BEDROOM
536544,POPPY'S PLAYHOUSE KITCHEN
536544,SMALL PURPLE BABUSHKA NOTEBOOK
536544,LARGE RED BABUSHKA NOTEBOOK
536544,LARGE PURPLE BABUSHKA NOTEBOOK
536544,SET OF 3 NOTEBOOKS IN PARCEL
536544,"TRAY, BREAKFAST IN BED"
536544,CHALKBOARD KITCHEN ORGANISER
536544,T-LIGHT GLASS FLUTED ANTIQUE
536544,FLUTED ANTIQUE CANDLE HOLDER
536544,ANTIQUE GLASS DRESSING TABLE POT
536544,PACK 3 BOXES CHRISTMAS PANNETONE
536544,PACK 3 BOXES BIRD PANNETONE
536544,CARD MOTORBIKE SANTA
536544,CARD CHRISTMAS VILLAGE
536544,CREAM WALL PLANTER HEART SHAPED
536544,HOT WATER BOTTLE I AM SO POORLY
536544,HOT WATER BOTTLE BABUSHKA
536544,VINTAGE CREAM DOG FOOD CONTAINER
536544,BREAD BIN DINER STYLE IVORY
536544,LOVE HEART NAPKIN BOX
536544,HAND WARMER OWL DESIGN
536544,HAND WARMER SCOTTY DOG DESIGN
536544,HAND WARMER BIRD DESIGN
536544,NUMBER TILE COTTAGE GARDEN 8
536544,CHILDREN'S APRON DOLLY GIRL
536544,SET 2 TEA TOWELS I LOVE LONDON
536544,12 MESSAGE CARDS WITH ENVELOPES
536544,SET OF 20 VINTAGE CHRISTMAS NAPKINS
536544,PAPER CHAIN KIT VINTAGE CHRISTMAS
536544,HERB MARKER THYME
536544,HERB MARKER ROSEMARY
536544,HERB MARKER PARSLEY
536544,HERB MARKER MINT
536544,HERB MARKER BASIL
536544,HERB MARKER CHIVES
536544,YELLOW GIANT GARDEN THERMOMETER
536544,FELTCRAFT CHRISTMAS FAIRY
536544,CHRISTMAS METAL TAGS ASSORTED
536544,METAL DECORATION NAUGHTY CHILDREN
536544,36 DOILIES DOLLY GIRL
536544,60 CAKE CASES DOLLY GIRL DESIGN
536544,60 CAKE CASES VINTAGE CHRISTMAS
536544,36 FOIL HEART CAKE CASES
536544,JAM MAKING SET WITH JARS
536544,JAM MAKING SET PRINTED
536544,JAM JAR WITH PINK LID
536544,JAM JAR WITH GREEN LID
536544,GINGERBREAD MAN COOKIE CUTTER
536544,HOMEMADE JAM SCENTED CANDLES
536544,CHILDREN'S SPACEBOY MUG
536544,CHILDRENS DOLLY GIRL MUG
536544,SPACEBOY CHILDRENS EGG CUP
536544,CIRCUS PARADE CHILDRENS EGG CUP
536544,SOLDIERS EGG CUP
536544,BLUE VICTORIAN FABRIC OVAL BOX
536544,RED VICTORIAN FABRIC OVAL BOX
536544,SET OF 3 BIRD LIGHT PINK FEATHER
536544,PINK/WHITE CHRISTMAS TREE 60CM
536544,PINK AND WHITE CHRISTMAS TREE 120CM
536544,PINK CHRISTMAS FLOCK DROPLET
536544,"ACRYLIC JEWEL ICICLE, PINK"
536544,SMALLFOLKART BAUBLE CHRISTMAS DEC
536544,FOLKART ZINC HEART CHRISTMAS DEC
536544,ROSE FOLKART HEART DECORATIONS
536544,RETRO COFFEE MUGS ASSORTED
536544,CERAMIC CAKE STAND + HANGING CAKES
536544,CONDIMENT TRAY 4 BOWLS AND 4 SPOONS
536544,TEA TIME OVEN GLOVE
536544,TEA TIME DES TEA COSY
536544,SCOTTIES CHILDRENS APRON
536544,PINK FAIRY CAKE CHILDRENS APRON
536544,SCOTTIE DOGS BABY BIB
536544,DOORMAT WELCOME PUPPIES
536544,HI TEC ALPINE HAND WARMER
536544,WHITE METAL LANTERN
536544,HANGING JAM JAR T-LIGHT HOLDER
536544,SET OF 6 HALLOWEEN GHOST T-LIGHTS
536544,IVORY PILLAR CANDLE SILVER FLOCK
536544,IVORY PILLAR CANDLE GOLD FLOCK
536544,SET/3 ROSE CANDLE IN JEWELLED BOX
536544,SET/3 OCEAN SCENT CANDLE JEWEL BOX
536544,SET/3 VANILLA SCENTED CANDLE IN BOX
536544,SET/3 CHRISTMAS DECOUPAGE CANDLES
536544,SET OF 2 CHRISTMAS DECOUPAGE CANDLE
536544,"TUMBLER, BAROQUE"
536544,"TUMBLER, NEW ENGLAND"
536544,CHILLI LIGHTS
536544,LAUNDRY 15C METAL SIGN
536544,KITCHEN METAL SIGN
536544,BATHROOM METAL SIGN
536544,HOT BATHS METAL SIGN
536544,"METAL SIGN,CUPCAKE SINGLE HOOK"
536544,"METAL SIGN,CUPCAKE SINGLE HOOK"
536544,METAL SIGN CUPCAKE SINGLE HOOK
536544,RED WOOLLY HOTTIE WHITE HEART.
536544,KNITTED UNION FLAG HOT WATER BOTTLE
536544,CHARLIE+LOLA RED HOT WATER BOTTLE
536544,CHARLIE LOLA BLUE HOT WATER BOTTLE
536544,CHARLIE+LOLA PINK HOT WATER BOTTLE
536544,CHARLIE + LOLA RED HOT WATER BOTTLE
536544,PINK HEART SHAPE EGG FRYING PAN
536544,PINK/PURPLE RETRO RADIO
536544,CHERRY BLOSSOM  DECORATIVE FLASK
536544,ROTATING SILVER ANGELS T-LIGHT HLDR
536544,72 SWEETHEART FAIRY CAKE CASES
536544,RED RETROSPOT UMBRELLA
536544,SET OF 12  VINTAGE POSTCARD SET
536544,SET OF 6 VINTAGE NOTELETS KIT
536544,ENVELOPE 50 ROMANTIC IMAGES
536544,ENVELOPE 50 BLOSSOM IMAGES
536544,YULETIDE IMAGES GIFT WRAP SET
536544,SET/4 RED MINI ROSE CANDLE IN BOWL
536544,15CM CHRISTMAS GLASS BALL 20 LIGHTS
536544,SCANDINAVIAN REDS RIBBONS
536544,CHOCOLATE BOX RIBBONS
536544,URBAN BLACK RIBBONS
536544,CREAM SWEETHEART LETTER RACK
536544,JUMBO BAG RED RETROSPOT
536544,IVORY ENCHANTED FOREST PLACEMAT
536544,BLACK CANDELABRA T-LIGHT HOLDER
536544,WHITE HANGING HEART T-LIGHT HOLDER
536544,SMALL SQUARE CUT GLASS CANDLESTICK
536544,BEADED CRYSTAL HEART PINK SMALL
536544,BEADED CRYSTAL HEART GREEN ON STICK
536544,CHARLIE + LOLA BISCUITS TINS
536544,BLUE DRAGONFLY HELICOPTER
536544,RED DRAGONFLY HELICOPTER
536544,HAND OVER THE CHOCOLATE   SIGN
536544,SEWING SUSAN 21 NEEDLE SET
536544,BASKET OF FLOWERS SEWING KIT
536544,VICTORIAN SEWING KIT
536544,EASTER BUNNY GARLAND OF FLOWERS
536544,SMALL HANGING IVORY/RED WOOD BIRD
536544,CINAMMON SET OF 9 T-LIGHTS
536544,SET OF 3 BABUSHKA STACKING TINS
536544,MIDNIGHT BLUE PAIR HEART HAIR SLIDE
536544,SILVER M.O.P ORBIT DROP EARRINGS
536544,EDWARDIAN DROP EARRINGS JET BLACK
536544,RUBY GLASS CLUSTER EARRINGS
536544,NECKLACE+BRACELET SET BLUE HIBISCUS
536544,FRUIT SALAD BAG CHARM
536544,GREEN MURANO TWIST BRACELET
536544,PINK GLASS TASSLE BAG CHARM
536544,TURQUOISE GLASS TASSLE BAG CHARM
536544,ANT COPPER RED BOUDICCA BRACELET
536544,SILVER/AMETHYST DROP EARRINGS LEAF
536544,SILVER LARIAT BLACK STONE EARRINGS
536544,PURPLE SWEETHEART BRACELET
536544,BLUE SWEETHEART BRACELET
536544,GREEN ENAMEL+GLASS HAIR COMB
536544,"LETTER ""D"" BLING KEY RING"
536544,"LETTER ""G"" BLING KEY RING"
536544,"LETTER ""H"" BLING KEY RING"
536544,"LETTER ""J"" BLING KEY RING"
536544,"LETTER ""R"" BLING KEY RING"
536544,DOTCOM POSTAGE
536544,SET OF 20 KIDS COOKIE CUTTERS
536544,SET OF 3 HEART COOKIE CUTTERS
536544,SET OF 3 BUTTERFLY COOKIE CUTTERS
536544,FAIRY CAKE NOTEBOOK A5 SIZE
536544,FAIRY CAKES NOTEBOOK A6 SIZE
536544,ENGLISH ROSE NOTEBOOK A7 SIZE
536544,FAIRY CAKES NOTEBOOK A7 SIZE
536544,MOUSE TOY WITH PINK T-SHIRT
536544,DOG TOY WITH PINK CROCHET SKIRT
536544,BOYS ALPHABET IRON ON PATCHES
536544,PINK NEW BAROQUECANDLESTICK CANDLE
536544,BOX OF 24 COCKTAIL PARASOLS
536544,ZINC WILLIE WINKIE  CANDLE STICK
536544,GREEN ROSE WASHBAG
536544,SOFT PINK ROSE TOWEL
536544,MINT GREEN ROSE TOWEL
536544,PINK BUTTERFLY HANDBAG W BOBBLES
536544,ANTIQUE SILVER TEA GLASS ETCHED
536544,SILVER HANGING T-LIGHT HOLDER
536544,SET OF 72 PINK HEART PAPER DOILIES
536544,60 TEATIME FAIRY CAKE CASES
536544,DENIM PATCH PURSE PINK BUTTERFLY
536544,BLUE PATCH PURSE PINK HEART
536544,HAND WARMER UNION JACK
536544,HAND WARMER SCOTTY DOG DESIGN
536544,RED SPOTTY BISCUIT TIN
536544,ROSE COTTAGE KEEPSAKE BOX
536544,LOVE HEART NAPKIN BOX
536544,VINTAGE CREAM CAT FOOD CONTAINER
536544,VINTAGE CREAM DOG FOOD CONTAINER
536544,ASSTD DESIGN RACING CAR PEN
536544,KITTY PENCIL ERASERS
536544,SLEEPING CAT ERASERS
536544,PARTY TIME PENCIL ERASERS
536544,BROCADE RING PURSE
536544,ORIGAMI SANDLEWOOD INCENSE+FLOWER
536544,ORIGAMI VANILLA INCENSE/CANDLE SET
536544,ORIGAMI JASMINE INCENSE/CANDLE SET
536544,ORIGAMI LAVENDER INCENSE/CANDL SET
536544,ORIGAMI ROSE INCENSE/CANDLE SET
536544,ORIGAMI OPIUM INCENSE/CANDLE SET
536544,ORIGAMI SANDLEWOOD INCENSE/CAND SET
536544,BLUE GLASS GEMS IN BAG
536544,PORCELAIN BUTTERFLY OIL BURNER
536544,VIPPASSPORT COVER
536544,RED RETROSPOT LUGGAGE TAG
536544,FIRST CLASS HOLIDAY PURSE
536544,DISCO BALL CHRISTMAS DECORATION
536544,RED HEART LUGGAGE TAG
536544,RED RETROSPOT BOWL
536544,STRAWBERRY DREAM CHILDS UMBRELLA
536544,DOORMAT RED RETROSPOT
536544,WOODLAND CHARLOTTE BAG
536544,RED RETROSPOT CHARLOTTE BAG
536544,LUNCH BAG RED RETROSPOT
536544,GOLD MINI TAPE MEASURE
536544,BLACK MINI TAPE MEASURE
536544,ABSTRACT CIRCLE JOURNAL
536544,GARDEN PATH JOURNAL
536544,FRENCH LATTICE CUSHION COVER
536544,FRENCH PAISLEY CUSHION COVER
536544,FRENCH FLORAL CUSHION COVER
536544,PINK ROSE FABRIC MIRROR
536544,VINTAGE KEEPSAKE BOX PARIS DAYS
536544,SET/5 RED RETROSPOT LID GLASS BOWLS
536544,PORCELAIN T-LIGHT HOLDERS ASSORTED
536544,STRAWBERRY BATH SPONGE
536544,APPLE BATH SPONGE
536544,SANDWICH BATH SPONGE
536544,RED FLORAL FELTCRAFT SHOULDER BAG
536544,PINK BLUE FELT CRAFT TRINKET BOX
536544,PINK CREAM FELT CRAFT TRINKET BOX
536544,12 PENCIL SMALL TUBE WOODLAND
536544,12 PENCILS SMALL TUBE RED RETROSPOT
536544,12 PENCILS TALL TUBE WOODLAND
536544,JAZZ HEARTS PURSE NOTEBOOK
536544,JAZZ HEARTS ADDRESS BOOK
536544,ROSE DU SUD COSMETICS BAG
536544,ANTIQUE ALL GLASS CANDLESTICK
536544,SET/2 RED RETROSPOT TEA TOWELS
536544,RED RETROSPOT OVEN GLOVE DOUBLE
536544,VINTAGE BILLBOARD LOVE/HATE MUG
536544,VINTAGE BILLBOARD TEA MUG
536544,VINTAGE BILLBOARD MUG
536544,VINTAGE BILLBOARD DRINK ME MUG
536544,SET/20 RED RETROSPOT PAPER NAPKINS
536544,CHRISTMAS TOILET ROLL
536544,CREAM SLICE FLANNEL PINK SPOT
536544,FAIRY CAKE FLANNEL ASSORTED COLOUR
536544,ROSE CARAVAN DOORSTOP
536544,OWL DOORSTOP
536544,SET/10 RED POLKADOT PARTY CANDLES
536544,JINGLE BELLS TREE DECORATION
536544,RED RETROSPOT OVEN GLOVE
536544,MOODY GIRL DOOR HANGER
536544,BEWARE OF THE CAT METAL SIGN
536544,COOK WITH WINE METAL SIGN
536544,YOU'RE CONFUSING ME METAL SIGN
536544,POTTERING IN THE SHED METAL SIGN
536544,GIN + TONIC DIET METAL SIGN
536544,WHITE HONEYCOMB PAPER GARLAND
536544,LARGE WHITE HONEYCOMB PAPER BELL
536544,PINK  HONEYCOMB PAPER BALL
536544,SKULL AND CROSSBONES  GARLAND
536544,SET OF 72 RETROSPOT PAPER  DOILIES
536544,PACK OF 72 RETROSPOT CAKE CASES
536544,PACK OF 72 SKULL CAKE CASES
536544,"SET 3 RETROSPOT TEA,COFFEE,SUGAR"
536544,RED RETROSPOT ROUND CAKE TINS
536544,RED SPOTTY BISCUIT TIN
536544,SWEETHEART CERAMIC TRINKET BOX
536544,STRAWBERRY CERAMIC TRINKET BOX
536544,RED RETROSPOT CUP
536544,WOODLAND  HEIGHT CHART STICKERS
536544,VICTORIAN SEWING BOX LARGE
536544,WHITE GOOSE FEATHER CHRISTMAS TREE
536544,GLASS HEART T-LIGHT HOLDER
536544,SMALL GLASS HEART TRINKET POT
536544,SKULLS WRITING SET
536544,BALLOONS  WRITING SET
536544,IVY HEART WREATH
536544,EUCALYPTUS & PINECONE  WREATH
536544,TOAST ITS - BEST MUM
536544,MIRRORED WALL ART STARS
536544,MIRRORED WALL ART PHOTO FRAMES
536544,MIRRORED WALL ART SPLODGES
536544,MIRRORED WALL ART TABLE LAMP
536544,IVORY HANGING DECORATION  HEART
536544,BROWN CHECK CAT DOORSTOP
536544,SPOTTY PINK DUCK DOORSTOP
536544,RED GINGHAM ROSE JEWELLERY BOX
536544,WHITE SKULL HOT WATER BOTTLE
536544,CHICK GREY HOT WATER BOTTLE
536544,PINK HEART DOTS HOT WATER BOTTLE
536544,RED WHITE SCARF  HOT WATER BOTTLE
536544,"ELEPHANT, BIRTHDAY CARD,"
536544,DOORMAT FANCY FONT HOME SWEET HOME
536544,STRAWBERRY LUNCH BOX WITH CUTLERY
536544,RED HEART SHAPE LOVE BUCKET
536544,PINK  HEART SHAPE LOVE BUCKET
536544,SAVE THE PLANET COTTON TOTE BAG
536544,ASSORTED MINI MADRAS NOTEBOOK
536544,ASSORTED TUTTI FRUTTI KEYRING BALL
536544,GLASS  BEURRE DISH
536544,VINTAGE GLASS COFFEE CADDY
536544,SKULLS  STICKERS
536544,BAG 125g SWIRLY MARBLES
536544,BAG 250g SWIRLY MARBLES
536544,FOLDING UMBRELLA RED/WHITE POLKADOT
536544,BOYS VINTAGE TIN SEASIDE BUCKET
536544,CANDY SHOP  STICKER SHEET
536544,SWEET PUDDING STICKER SHEET
536544,RED TOADSTOOL LED NIGHT LIGHT
536544,LARGE ROUND WICKER PLATTER
536544,VINTAGE SHELLS PRINT
536551,SINGLE HEART ZINC T-LIGHT HOLDER
536551,HANGING HEART ZINC T-LIGHT HOLDER
536551,FAIRY TALE COTTAGE NIGHTLIGHT
536551,RED KITCHEN SCALES
536551,SET/5 RED RETROSPOT LID GLASS BOWLS
536551,HOT WATER BOTTLE I AM SO POORLY
536551,HOT WATER BOTTLE BABUSHKA
536551,SET 2 TEA TOWELS I LOVE LONDON
536551,PHOTO CUBE
536551,CHOCOLATE HOT WATER BOTTLE
536551,SET OF 2 TEA TOWELS APPLE AND PEARS
536551,RETROSPOT CIGAR BOX MATCHES
536551,PAINTED LIGHTBULB STAR+ MOON
536551,SET 2 TEA TOWELS I LOVE LONDON
536551,PLASTERS IN TIN SPACEBOY
536551,IVORY KNITTED MUG COSY
536551,PLASTERS IN TIN VINTAGE PAISLEY
536551,PLASTERS IN TIN STRONGMAN
536551,RED TEA TOWEL CLASSIC DESIGN
536551,BLUE TEA TOWEL CLASSIC DESIGN
536551,BLACK TEA TOWEL CLASSIC DESIGN
536551,JUMBO BAG DOLLY GIRL DESIGN
536551,LUNCH BOX I LOVE LONDON
536551,SILVER HANGING T-LIGHT HOLDER
536551,AGED GLASS SILVER T-LIGHT HOLDER
536551,CARD I LOVE LONDON
536551,PLASTERS IN TIN SPACEBOY
536551,IVORY KNITTED MUG COSY
536551,SCOTTIE DOG HOT WATER BOTTLE
536551,RETROSPOT CIGAR BOX MATCHES
536551,CHOCOLATE HOT WATER BOTTLE
536551,SET OF 2 TEA TOWELS APPLE AND PEARS
536551,SPACEBOY LUNCH BOX
536551,SET 12 RETRO WHITE CHALK STICKS
536551,SET 12 KIDS  WHITE CHALK STICKS
536555,LITTLE GREEN MONSTER SOFT TOY
536555,CARD CIRCUS PARADE
536556,CHRISTMAS MUSICAL ZINC STAR
536556,CHRISTMAS MUSICAL ZINC HEART
536556,DOVE DECORATION PAINTED ZINC
536556,UNION STRIPE WITH FRINGE  HAMMOCK
536556,FOLKART ZINC HEART CHRISTMAS DEC
536556,RED RETROSPOT CAKE STAND
536556,ASSORTED COLOUR MINI CASES
536556,WICKER STAR
536557,SKULLS AND CROSSBONES WRAP
536557,POLYESTER FILLER PAD 45x30cm
536557,POLYESTER FILLER PAD 40x40cm
536557,3D CHRISTMAS STAMPS STICKERS
536557,VICTORIAN SEWING BOX LARGE
536557,RED RETROSPOT OVEN GLOVE DOUBLE
536557,PINK FLOWER FABRIC PONY
536557,METAL 4 HOOK HANGER FRENCH CHATEAU
536557,BIRTHDAY PARTY CORDON BARRIER TAPE
536557,CAMOUFLAGE DESIGN TEDDY
536557,TV DINNER TRAY AIR HOSTESS
536557,SUKI  SHOULDER BAG
536557,BLUE SPOT CERAMIC DRAWER KNOB
536557,DISCO BALL CHRISTMAS DECORATION
536557,WHITE SPOT RED CERAMIC DRAWER KNOB
536557,PLASTERS IN TIN SKULLS
536557,"RECORD FRAME 7"" SINGLE SIZE"
536557,PINK CREAM FELT CRAFT TRINKET BOX
536557,FELTCRAFT CUSHION OWL
536557,FELTCRAFT CUSHION RABBIT
536557,ALARM CLOCK BAKELIKE IVORY
536557,ASSORTED COLOUR MINI CASES
536557,SQUARECUSHION COVER PINK UNION FLAG
536557,CUSHION COVER PINK UNION JACK
536557,CREAM SWEETHEART LETTER RACK
536557,FOUR HOOK  WHITE LOVEBIRDS
536557,PINK HEART DOTS HOT WATER BOTTLE
536557,HOT WATER BOTTLE TEA AND SYMPATHY
536557,RETROSPOT HEART HOT WATER BOTTLE
536557,RED WOOLLY HOTTIE WHITE HEART.
536557,FRENCH BLUE METAL DOOR SIGN 3
536557,FRENCH BLUE METAL DOOR SIGN No
536557,BABUSHKA LIGHTS STRING OF 10
536557,SET OF 3 BABUSHKA STACKING TINS
536557,WHITE SKULL HOT WATER BOTTLE
536557,KNITTED UNION FLAG HOT WATER BOTTLE
536557,HOT WATER BOTTLE BABUSHKA
536557,CHOCOLATE HOT WATER BOTTLE
536557,HOT WATER BOTTLE I AM SO POORLY
536557,RETROSPOT HEART HOT WATER BOTTLE
536557,SCOTTIE DOG HOT WATER BOTTLE
536557,RECIPE BOX RETROSPOT
536557,RECIPE BOX PANTRY YELLOW DESIGN
536557,VICTORIAN SEWING BOX SMALL
536557,CHRISTMAS LIGHTS 10 REINDEER
536557,WOOD BLACK BOARD ANT WHITE FINISH
536557,BEACH HUT KEY CABINET
536557,HOME SMALL WOOD LETTERS
536557,SET OF 3 BABUSHKA STACKING TINS
536557,SMALL PURPLE BABUSHKA NOTEBOOK
536557,CHERRY BLOSSOM PASSPORT COVER
536557,SILK PURSE BABUSHKA RED
536557,HOT WATER BOTTLE TEA AND SYMPATHY
536557,SMALL YELLOW BABUSHKA NOTEBOOK
536557,RETRO MOD TRAY
536557,SWEETHEART WIRE MAGAZINE RACK
536557,CARDHOLDER HOLLY WREATH METAL
536557,SILVER CHRISTMAS TREE BAUBLE STAND
536557,CHILLI LIGHTS
536557,WICKER STAR
536557,CHRISTMAS TOILET ROLL
536557,HEART OF WICKER LARGE
536557,SWEETHEART RECIPE BOOK STAND
536557,APPLE BATH SPONGE
536557,OVERNIGHT BAG VINTAGE ROSE PAISLEY
536558,FAUX FUR CHOCOLATE THROW
536559,ANT WHITE WIRE HEART SPIRAL
536559,"FEATHER PEN,COAL BLACK"
536559,"FEATHER PEN,LIGHT PINK"
536559,"FEATHER PEN,LIGHT PINK"
536559,"FEATHER PEN,COAL BLACK"
536559,"FEATHER PEN,HOT PINK"
536559,DOORMAT AIRMAIL
536559,NUMBER TILE COTTAGE GARDEN 8
536559,BIRTHDAY PARTY CORDON BARRIER TAPE
536560,CHILLI LIGHTS
536560,DOORMAT TOPIARY
536560,DOORMAT 3 SMILEY CATS
536560,JAM MAKING SET WITH JARS
536560,BREAD BIN DINER STYLE IVORY
536560,BREAD BIN DINER STYLE RED
536560,RECIPE BOX BLUE SKETCHBOOK DESIGN
536560,TRAVEL SEWING KIT
536560,10 COLOUR SPACEBOY PEN
536560,MAGNETS PACK OF 4 VINTAGE COLLAGE
536560,MAGNETS PACK OF 4 HOME SWEET HOME
536560,MAGNETS PACK OF 4 CHILDHOOD MEMORY
536560,DOORMAT RED RETROSPOT
536561,FIVE HEART HANGING DECORATION
536561,PLASTERS IN TIN SPACEBOY
536561,POPPY'S PLAYHOUSE KITCHEN
536561,POPPY'S PLAYHOUSE BEDROOM
536561,RED TOADSTOOL LED NIGHT LIGHT
536561,FAIRY TALE COTTAGE NIGHTLIGHT
536561,PINK CREAM FELT CRAFT TRINKET BOX
536561,FELTCRAFT DOLL EMILY
536561,FELTCRAFT PRINCESS LOLA DOLL
536561,LIGHT GARLAND BUTTERFILES PINK
536561,WOODEN OWLS LIGHT GARLAND
536561,HAND WARMER SCOTTY DOG DESIGN
536561,HAND WARMER BIRD DESIGN
536561,HAND WARMER OWL DESIGN
536561,HAND WARMER RED RETROSPOT
536562,RECIPE BOX WITH METAL HEART
536562,"ART LIGHTS,FUNK MONKEY"
536562,SET 7 BABUSHKA NESTING BOXES
536562,SET 12 LAVENDER  BOTANICAL T-LIGHTS
536562,DOORMAT RED RETROSPOT
536562,DOORMAT FAIRY CAKE
536562,DOORMAT HEARTS
536562,REGENCY CAKESTAND 3 TIER
536562,MINI CAKE STAND WITH HANGING CAKES
536562,CERAMIC CAKE STAND + HANGING CAKES
536562,SWEETHEART CERAMIC TRINKET BOX
536562,STRAWBERRY CERAMIC TRINKET BOX
536562,SET OF 4 FAIRY CAKE PLACEMATS
536562,OFFICE MUG WARMER PINK
536562,OFFICE MUG WARMER CHOC+BLUE
536562,PLEASE ONE PERSON METAL SIGN
536562,GRAND CHOCOLATECANDLE
536562,GREEN CHRISTMAS TREE CARD HOLDER
536563,SMALL HANGING IVORY/RED WOOD BIRD
536563,SET OF 20 VINTAGE CHRISTMAS NAPKINS
536563,ANTIQUE GLASS DRESSING TABLE POT
536563,ANTIQUE TALL SWIRLGLASS TRINKET POT
536563,GLITTER CHRISTMAS HEART
536563,CIRCUS PARADE CHILDRENS EGG CUP
536563,TOADSTOOL MONEY BOX
536563,3 PIECE SPACEBOY COOKIE CUTTER SET
536563,CHRISTMAS LIGHTS 10 REINDEER
536564,MINI CAKE STAND WITH HANGING CAKES
536564,CERAMIC CAKE STAND + HANGING CAKES
536565,MIRRORED WALL ART TABLE LAMP
536565,MIRRORED WALL ART SPLODGES
536566,RED STRIPE CERAMIC DRAWER KNOB
536566,CLEAR DRAWER KNOB ACRYLIC EDWARDIAN
536566,BLUE DRAWER KNOB ACRYLIC EDWARDIAN
536566,PINK DRAWER KNOB ACRYLIC EDWARDIAN
536566,RED DRAWER KNOB ACRYLIC EDWARDIAN
536566,GREEN DRAWER KNOB ACRYLIC EDWARDIAN
536567,HAND WARMER BIRD DESIGN
536567,HAND WARMER SCOTTY DOG DESIGN
536567,HAND WARMER OWL DESIGN
536567,SWEETHEART CERAMIC TRINKET BOX
536567,CERAMIC HEART FAIRY CAKE MONEY BANK
536567,CERAMIC STRAWBERRY CAKE MONEY BANK
536567,HAND WARMER RED RETROSPOT
536568,ASSORTED BOTTLE TOP  MAGNETS
536569,3 HOOK PHOTO SHELF ANTIQUE WHITE
536569,"NURSERY A,B,C PAINTED LETTERS"
536569,BOX OF VINTAGE ALPHABET BLOCKS
536569,PACK OF 12 LONDON TISSUES
536569,CARD I LOVE LONDON
536569,SCOTTIE DOG HOT WATER BOTTLE
536569,SET OF 2 ROUND TINS DUTCH CHEESE
536569,GREEN GEISHA GIRL
536569,LUNCH BOX I LOVE LONDON
536569,EMERGENCY FIRST AID TIN
536569,SCOTTIE DOG HOT WATER BOTTLE
536569,GREY HEART HOT WATER BOTTLE
536569,BLUE GEISHA GIRL
536569,PEACE WOODEN BLOCK LETTERS
536569,NOEL WOODEN BLOCK LETTERS
536569,NEWSPAPER STAND
536569,CINAMMON & ORANGE WREATH
536569,PARTY CONE CHRISTMAS DECORATION
536569,LARGE WHITE HONEYCOMB PAPER BELL
536569,CHRISTMAS METAL TAGS ASSORTED
536569,WOOD STOCKING CHRISTMAS SCANDISPOT
536569,SET OF 4 NAPKIN CHARMS HEARTS
536569,WOODEN TREE CHRISTMAS SCANDINAVIAN
536569,ROCKING HORSE GREEN CHRISTMAS
536569,CHRISTMAS HANGING TREE WITH BELL
536569,GLITTER CHRISTMAS HEART
536569,ROCKING HORSE RED CHRISTMAS
536569,CHRISTMAS HANGING STAR WITH BELL
536569,CHRISTMAS HANGING TREE WITH BELL
536569,JINGLE BELLS TREE DECORATION
536569,CHRISTMAS HANGING HEART WITH BELL
536569,SET OF 4 NAPKIN CHARMS 3 KEYS
536569,SET OF 4 NAPKIN CHARMS INSTRUMENT
536569,SET OF 4 NAPKIN CHARMS CROWNS
536569,STAR WOODEN CHRISTMAS DECORATION
536569,SWALLOW WOODEN CHRISTMAS DECORATION
536569,CHRISTMAS RETROSPOT TREE WOOD
536569,GLITTER CHRISTMAS TREE
536569,GARLAND WITH STARS AND BELLS
536569,"CHRISTMAS GARLAND STARS,TREES"
536569,WHITE CHRISTMAS GARLAND STARS TREES
536569,SWISS CHALET TREE DECORATION
536569,PAINTED METAL HEART WITH HOLLY BELL
536569,PAPER CHAIN KIT 50'S CHRISTMAS
536569,BIRD BOX CHRISTMAS TREE DECORATION
536569,RIBBON REEL CHRISTMAS SOCK BAUBLE
536569,RIBBON REEL SNOWY VILLAGE
536569,CHILDS BREAKFAST SET DOLLY GIRL
536569,3D CHRISTMAS STAMPS STICKERS
536569,ENAMEL FIRE BUCKET CREAM
536569,WOODEN ADVENT CALENDAR CREAM
536569,DECORATIVE PLANT POT WITH FRIEZE
536569,SAVE THE PLANET MUG
536569,VINTAGE BILLBOARD DRINK ME MUG
536569,Manual
536569,CLASSIC METAL BIRDCAGE PLANT HOLDER
536569,CARD MOTORBIKE SANTA
536569,CARD CHRISTMAS VILLAGE
536569,COSY HOUR CIGAR BOX MATCHES
536569,COSY HOUR GIANT TUBE MATCHES
536569,FELTCRAFT PRINCESS LOLA DOLL
536569,TRIPLE PHOTO FRAME CORNICE
536569,DOORMAT I LOVE LONDON
536569,SET OF 3 BABUSHKA STACKING TINS
536569,CHRISTMAS LIGHTS 10 REINDEER
536569,Manual
536569,WOOD AND GLASS MEDICINE CABINET
536570,ZINC METAL HEART DECORATION
536570,MA CAMPAGNE CUTLERY BOX
536570,NATURAL SLATE HEART CHALKBOARD
536570,GREY HEART HOT WATER BOTTLE
536570,HOT WATER BOTTLE I AM SO POORLY
536571,YULETIDE IMAGES GIFT WRAP SET
536571,WICKER WREATH LARGE
536571,VINTAGE SNAP CARDS
536571,TABLE LAMP WHITE SHADE WOOD BASE
536571,SMALL FOLKART STAR CHRISTMAS DEC
536571,SMALLFOLKART BAUBLE CHRISTMAS DEC
536571,SMALL HANGING GLASS+ZINC LANTERN
536571,SET/3 CHRISTMAS DECOUPAGE CANDLES
536571,S/15 SILVER GLASS BAUBLES IN BAG
536571,GROW YOUR OWN PLANT IN A CAN
536571,PINK/WHITE CHRISTMAS TREE 60CM
536571,GREEN CHRISTMAS TREE STRING 20LIGHT
536571,EUCALYPTUS & PINECONE  WREATH
536571,CHRISTMAS PUDDING TRINKET POT
536571,BLACK CHRISTMAS TREE 60CM
536571,JUMBO  BAG BAROQUE BLACK WHITE
536571,60 CAKE CASES VINTAGE CHRISTMAS
536571,15CM CHRISTMAS GLASS BALL 20 LIGHTS
536572,CARDHOLDER GINGHAM STAR
536572,NOEL WOODEN BLOCK LETTERS
536572,PEACE WOODEN BLOCK LETTERS
536572,STAR WOODEN CHRISTMAS DECORATION
536572,HEART WOODEN CHRISTMAS DECORATION
536572,WOODEN HEART CHRISTMAS SCANDINAVIAN
536572,WOODEN STAR CHRISTMAS SCANDINAVIAN
536572,WOODEN TREE CHRISTMAS SCANDINAVIAN
536572,CHRISTMAS GINGHAM STAR
536572,CHRISTMAS GINGHAM TREE
536572,CHRISTMAS GINGHAM HEART
536572,CHRISTMAS HANGING STAR WITH BELL
536572,CHRISTMAS HANGING HEART WITH BELL
536572,GLITTER CHRISTMAS TREE
536572,WICKER WREATH SMALL
536572,WICKER WREATH LARGE
536572,DOORMAT FANCY FONT HOME SWEET HOME
536572,HEART OF WICKER SMALL
536572,FINE WICKER HEART
536572,HOME BUILDING BLOCK WORD
536572,BATH BUILDING BLOCK WORD
536573,COLOUR GLASS T-LIGHT HOLDER HANGING
536573,SINGLE HEART ZINC T-LIGHT HOLDER
536573,VICTORIAN GLASS HANGING T-LIGHT
536573,T-LIGHT GLASS FLUTED ANTIQUE
536574,BATH BUILDING BLOCK WORD
536575,UNION JACK FLAG PASSPORT COVER
536575,CREAM SLICE FLANNEL PINK SPOT
536575,STRAWBERRY CERAMIC TRINKET BOX
536575,PINK HEART SHAPE EGG FRYING PAN
536575,JUMBO BAG RED RETROSPOT
536575,WHITE HANGING HEART T-LIGHT HOLDER
536575,EDWARDIAN PARASOL PINK
536575,LADS ONLY TISSUE BOX
536576,"RECORD FRAME 7"" SINGLE SIZE"
536576,S/4 CACTI CANDLES
536576,PINK HEART SHAPE EGG FRYING PAN
536576,RED WOOLLY HOTTIE WHITE HEART.
536576,PINK MARSHMALLOW SCARF KNITTING KIT
536576,RETROSPOT CHILDRENS APRON
536576,LUNCH BAG  BLACK SKULL.
536576,SET OF 3 COLOURED  FLYING DUCKS
536576,JUMBO BAG RED RETROSPOT
536576,WHITE HANGING HEART T-LIGHT HOLDER
536576,LADS ONLY TISSUE BOX
536576,6 CHOCOLATE LOVE HEART T-LIGHTS
536576,EDWARDIAN PARASOL NATURAL
536576,PINK BLUE FELT CRAFT TRINKET BOX
536576,TOAST ITS - BEST MUM
536576,CREAM SLICE FLANNEL PINK SPOT
536577,LUNCH BAG RED RETROSPOT
536577,STRAWBERRY CERAMIC TRINKET BOX
536577,CERAMIC STRAWBERRY CAKE MONEY BANK
536577,FELTCRAFT BUTTERFLY HEARTS
536578,HOT WATER BOTTLE BABUSHKA
536578,CHICK GREY HOT WATER BOTTLE
536578,HAND WARMER OWL DESIGN
536578,HAND WARMER SCOTTY DOG DESIGN
536578,HAND WARMER BABUSHKA DESIGN
536578,ALARM CLOCK BAKELIKE GREEN
536578,ALARM CLOCK BAKELIKE PINK
536578,ALARM CLOCK BAKELIKE ORANGE
536579,STRAWBERRY CERAMIC TRINKET BOX
536579,LUNCH BAG  BLACK SKULL.
536580,GINGERBREAD MAN COOKIE CUTTER
536580,3 TRADITIONAL COOKIE CUTTERS  SET
536580,SPACEBOY CHILDRENS EGG CUP
536580,SOLDIERS EGG CUP
536580,CHILDRENS SPACEBOY MUG
536580,CHILDRENS DOLLY GIRL MUG
536581,JUMBO BAG RED RETROSPOT
536582,RED STRIPE CERAMIC DRAWER KNOB
536582,WHITE SPOT RED CERAMIC DRAWER KNOB
536582,CLEAR DRAWER KNOB ACRYLIC EDWARDIAN
536582,MAGIC DRAWING SLATE DOLLY GIRL
536582,MAGIC DRAWING SLATE SPACEBOY
536582,MIRRORED WALL ART SKULLS
536582,MIRRORED WALL ART STARS
536582,WHITE SKULL HOT WATER BOTTLE
536582,FAWN BLUE HOT WATER BOTTLE
536582,CHARLIE+LOLA PINK HOT WATER BOTTLE
536582,CHARLIE+LOLA RED HOT WATER BOTTLE
536582,COWBOYS AND INDIANS BIRTHDAY CARD
536582,RING OF ROSES BIRTHDAY CARD
536582,CERAMIC PIRATE CHEST MONEY BANK
536582,PIGGY BANK RETROSPOT
536582,CHILDS BREAKFAST SET SPACEBOY
536582,CHILDS BREAKFAST SET DOLLY GIRL
536583,RETROSPOT CHILDRENS APRON
536584,RED WOOLLY HOTTIE WHITE HEART.
536585,CERAMIC CAKE STAND + HANGING CAKES
536586,BREAD BIN DINER STYLE RED
536586,BREAD BIN DINER STYLE PINK
536586,ALARM CLOCK BAKELIKE GREEN
536586,ALARM CLOCK BAKELIKE PINK
536586,ALARM CLOCK BAKELIKE CHOCOLATE
536586,ALARM CLOCK BAKELIKE ORANGE
536586,ALARM CLOCK BAKELIKE IVORY
536587,CERAMIC CAKE DESIGN SPOTTED MUG
536587,MAKE YOUR OWN MONSOON CARD KIT
536587,MAKE YOUR OWN FLOWERPOWER CARD KIT
536587,CERAMIC STRAWBERRY CAKE MONEY BANK
536587,STRAWBERRY CERAMIC TRINKET BOX
536587,FAIRY TALE COTTAGE NIGHTLIGHT
536587,MINI JIGSAW CIRCUS PARADE
536587,MAGIC DRAWING SLATE CIRCUS PARADE
536587,SLEEPING CAT ERASERS
536587,SET 7 BABUSHKA NESTING BOXES
536587,HOT WATER BOTTLE TEA AND SYMPATHY
536587,FAIRY CAKE FLANNEL ASSORTED COLOUR
536587,CHARLOTTE BAG SUKI DESIGN
536587,SILK PURSE BABUSHKA PINK
536587,HAND WARMER BIRD DESIGN
536587,PACK OF 12 PINK POLKADOT TISSUES
536587,PACK OF 12 SUKI TISSUES
536587,LIPSTICK PEN FUSCHIA
536587,BROCADE RING PURSE
536587,CHRISTMAS TOILET ROLL
536587,HEADS AND TAILS SPORTING FUN
536587,VINTAGE SNAP CARDS
536588,JAM MAKING SET WITH JARS
536588,JAM MAKING SET PRINTED
536588,JAM JAR WITH PINK LID
536588,JAM JAR WITH GREEN LID
536588,RECIPE BOX WITH METAL HEART
536588,RECIPE BOX PANTRY YELLOW DESIGN
536588,RECIPE BOX RETROSPOT
536588,GREEN 3 PIECE POLKADOT CUTLERY SET
536588,RED 3 PIECE RETROSPOT CUTLERY SET
536588,BLUE 3 PIECE POLKADOT CUTLERY SET
536588,PINK 3 PIECE POLKADOT CUTLERY SET
536590,HOMEMADE JAM SCENTED CANDLES
536590,WHITE HANGING HEART T-LIGHT HOLDER
536590,CHOCOLATE HOT WATER BOTTLE
536590,HOT WATER BOTTLE TEA AND SYMPATHY
536590,CLASSIC METAL BIRDCAGE PLANT HOLDER
536590,NATURAL SLATE HEART CHALKBOARD
536590,PAINTED METAL PEARS ASSORTED
536590,SWEETHEART CAKESTAND 3 TIER
536590,COOK WITH WINE METAL SIGN
536590,SWEETHEART WIRE MAGAZINE RACK
536590,COLOUR GLASS. STAR T-LIGHT HOLDER
536590,SWALLOWS GREETING CARD
536590,BOX OF VINTAGE ALPHABET BLOCKS
536590,TOOL BOX SOFT TOY
536591,SKULLS STORAGE BOX SMALL
536591,LADLE LOVE HEART PINK
536591,"LETTER ""M"" BLING KEY RING"
536591,"LETTER ""V"" BLING KEY RING"
536591,"LETTER ""S"" BLING KEY RING"
536591,"LETTER ""J"" BLING KEY RING"
536591,JUMBO BAG PINK POLKADOT
536591,WALL TIDY RETROSPOT
536591,RED RETROSPOT MINI CASES
536591,BINGO SET
536591,BIRD DECORATION RED RETROSPOT
536591,KIDS RAIN MAC PINK
536591,RED RETROSPOT CUP
536591,SQUARE FLOOR CUSHION VINTAGE RED
536591,RECYCLING BAG RETROSPOT
536591,SET/3 VANILLA SCENTED CANDLE IN BOX
536591,SET OF 2 TINS VINTAGE BATHROOM
536591,BLUE  DIAMANTE PEN IN GIFT BOX
536591,36 PENCILS TUBE SKULLS
536591,GREEN FERN JOURNAL
536591,RIBBON REEL FLORA + FAUNA
536591,BLACK EAR MUFF HEADPHONES
536591,"FEATHER PEN,COAL BLACK"
536591,RED POLKADOT COFFEE  MUG
536591,EMPIRE UNION JACK TV DINNER TRAY
536591,ASSORTED TUTTI FRUTTI MIRROR
536591,GRAND CHOCOLATECANDLE
536591,SET OF 4 ROSE BOTANICAL CANDLES
536591,CERAMIC CAKE STAND + HANGING CAKES
536591,FELT EGG COSY BLUE RABBIT
536591,LOVE HEART SOCK HANGER
536591,SCOTTIES CHILDRENS APRON
536591,RED RETROSPOT OVEN GLOVE DOUBLE
536591,SET/2 RED RETROSPOT TEA TOWELS
536591,CREAM SWEETHEART LETTER RACK
536591,NOEL WOODEN BLOCK LETTERS
536591,RED WHITE SCARF  HOT WATER BOTTLE
536591,CHICK GREY HOT WATER BOTTLE
536591,KINGS CHOICE BISCUIT TIN
536591,PACK OF 12 HEARTS DESIGN TISSUES
536592,COLOURING PENCILS BROWN TUBE
536592,FUNKY MONKEY GIFT BAG MEDIUM
536592,KITTY PENCIL ERASERS
536592,SLEEPING CAT ERASERS
536592,PARTY TIME PENCIL ERASERS
536592,ORIGAMI VANILLA INCENSE/CANDLE SET
536592,ORIGAMI JASMINE INCENSE/CANDLE SET
536592,ORIGAMI LAVENDER INCENSE/CANDL SET
536592,ORIGAMI ROSE INCENSE/CANDLE SET
536592,ORIGAMI OPIUM INCENSE/CANDLE SET
536592,ORIGAMI SANDLEWOOD INCENSE/CAND SET
536592,ORIGAMI VANILLA INCENSE CONES
536592,FAIRY DREAMS INCENSE
536592,DRAGONS BLOOD INCENSE
536592,CHERRY BLOSSOM PASSPORT COVER
536592,FIRST CLASS PASSPORT COVER
536592,TROPICAL PASSPORT COVER
536592,CHERRY BLOSSOM LUGGAGE TAG
536592,DISCO BALL CHRISTMAS DECORATION
536592,PINK POLKADOT CHILDRENS UMBRELLA
536592,RED RETROSPOT CHILDRENS UMBRELLA
536592,FLORAL SOFT CAR TOY
536592,MOUSEY LONG LEGS SOFT TOY
536592,GREEN CAT FLORAL CUSHION COVER
536592,STRAWBERRY SHOPPER BAG
536592,RED RETROSPOT SHOPPER BAG
536592,STRAWBERRY CHARLOTTE BAG
536592,RED RETROSPOT CHARLOTTE BAG
536592,LUNCH BAG RED RETROSPOT
536592,LUNCH BAG  BLACK SKULL.
536592,GOLD MINI TAPE MEASURE
536592,BLACK MINI TAPE MEASURE
536592,BLUE POLKADOT WASHING UP GLOVES
536592,RETROSPOT RED WASHING UP GLOVES
536592,BLUE PAISLEY SKETCHBOOK
536592,BLACK EAR MUFF HEADPHONES
536592,ZINC HEART LATTICE T-LIGHT HOLDER
536592,SET/5 RED RETROSPOT LID GLASS BOWLS
536592,BLUE POT PLANT CANDLE
536592,PORCELAIN T-LIGHT HOLDERS ASSORTED
536592,STRAWBERRY BATH SPONGE
536592,SANDWICH BATH SPONGE
536592,PINK CREAM FELT CRAFT TRINKET BOX
536592,12 PENCIL SMALL TUBE WOODLAND
536592,12 PENCILS SMALL TUBE SKULL
536592,12 PENCILS SMALL TUBE RED RETROSPOT
536592,ROSE DU SUD DRAWSTRING BAG
536592,ANTIQUE ALL GLASS CANDLESTICK
536592,DARK BIRD HOUSE TREE DECORATION
536592,SET/2 RED RETROSPOT TEA TOWELS
536592,TOOL BOX SOFT TOY
536592,VINTAGE RED TEATIME MUG
536592,VINTAGE BILLBOARD TEA MUG
536592,VINTAGE BILLBOARD DRINK ME MUG
536592,CHRISTMAS TOILET ROLL
536592,FAIRY CAKE FLANNEL ASSORTED COLOUR
536592,"LARGE CAKE TOWEL, CHOCOLATE SPOTS"
536592,LARGE CAKE TOWEL PINK SPOTS
536592,"SWISS ROLL TOWEL, CHOCOLATE  SPOTS"
536592,GOLD FISHING GNOME
536592,RED RETROSPOT OVEN GLOVE
536592,HOME SWEET HOME METAL SIGN
536592,BEWARE OF THE CAT METAL SIGN
536592,POTTERING IN THE SHED METAL SIGN
536592,PLEASE ONE PERSON METAL SIGN
536592,3D HEARTS  HONEYCOMB PAPER GARLAND
536592,LARGE WHITE HONEYCOMB PAPER BELL
536592,WHITE BELL HONEYCOMB PAPER
536592,PASTEL COLOUR HONEYCOMB FAN
536592,PACK OF 72 RETROSPOT CAKE CASES
536592,PACK OF 72 SKULL CAKE CASES
536592,SET/4 BADGES DOGS
536592,SWEETHEART CERAMIC TRINKET BOX
536592,STRAWBERRY CERAMIC TRINKET BOX
536592,WOODLAND  HEIGHT CHART STICKERS
536592,VICTORIAN SEWING BOX MEDIUM
536592,VICTORIAN SEWING BOX LARGE
536592,WHITE GOOSE FEATHER CHRISTMAS TREE
536592,SALLE DE BAIN HOOK
536592,VINTAGE KITCHEN PRINT FRUITS
536592,VINTAGE KITCHEN PRINT SEAFOOD
536592,STRIPEY CHOCOLATE NESTING BOXES
536592,GLASS HEART T-LIGHT HOLDER
536592,SMALL GLASS HEART TRINKET POT
536592,CLASSIC METAL BIRDCAGE PLANT HOLDER
536592,IVY HEART WREATH
536592,EUCALYPTUS & PINECONE  WREATH
536592,TOAST ITS - FAIRY FLOWER
536592,RED GINGHAM ROSE JEWELLERY BOX
536592,BASKET OF TOADSTOOLS
536592,12 IVORY ROSE PEG PLACE SETTINGS
536592,WHITE SKULL HOT WATER BOTTLE
536592,FAWN BLUE HOT WATER BOTTLE
536592,CHICK GREY HOT WATER BOTTLE
536592,PINK HEART DOTS HOT WATER BOTTLE
536592,RED WHITE SCARF  HOT WATER BOTTLE
536592,ROTATING LEAVES T-LIGHT HOLDER
536592,GIN & TONIC DIET GREETING CARD
536592,BOOZE & WOMEN GREETING CARD
536592,DOORMAT SPOTTY HOME SWEET HOME
536592,RED RETROSPOT PUDDING BOWL
536592,SKULLS  WATER TRANSFER TATTOOS
536592,CERAMIC BIRDHOUSE CRESTED TIT SMALL
536592,SET OF 6 FUNKY BEAKERS
536592,STRAWBERRY LUNCH BOX WITH CUTLERY
536592,LETS GO SHOPPING COTTON TOTE BAG
536592,Dr. Jam's Arouzer Stress Ball
536592,ASSORTED TUTTI FRUTTI NOTEBOOK
536592,ASSORTED TUTTI FRUTTI SMALL PURSE
536592,RIDGED GLASS POSY VASE
536592,GLASS  BEURRE DISH
536592,RED SPOT CERAMIC DRAWER KNOB
536592,SMALL MEDINA STAMPED METAL BOWL
536592,MOCK LOBSTER FRIDGE MAGNET
536592,BIG DOUGHNUT FRIDGE MAGNETS
536592,BAG 500g SWIRLY MARBLES
536592,RED METAL BEACH SPADE
536592,RED TOADSTOOL LED NIGHT LIGHT
536592,STAR PORTABLE TABLE LIGHT
536592,GAOLERS KEYS DECORATIVE GARDEN
536592,HOME BUILDING BLOCK WORD
536592,LOVE BUILDING BLOCK WORD
536592,BATH BUILDING BLOCK WORD
536592,DECORATIVE ROSE BATHROOM BOTTLE
536592,DECORATIVE CATS BATHROOM BOTTLE
536592,DECORATIVE FLORE BATHROOM BOTTLE
536592,RECIPE BOX WITH METAL HEART
536592,POLKADOT RAIN HAT
536592,KIDS RAIN MAC PINK
536592,VINTAGE SNAP CARDS
536592,VINTAGE HEADS AND TAILS CARD GAME
536592,CHRISTMAS TREE DECORATION WITH BELL
536592,CHRISTMAS TREE HEART DECORATION
536592,CHRISTMAS TREE STAR DECORATION
536592,CHRISTMAS HANGING TREE WITH BELL
536592,GARLAND WITH STARS AND BELLS
536592,GLITTER HEART GARLAND WITH BELLS
536592,GLITTER STAR GARLAND WITH BELLS
536592,ASSORTED CREEPY CRAWLIES
536592,CHOCOLATE CALCULATOR
536592,CAMOUFLAGE LED TORCH
536592,RED RETROSPOT MUG
536592,PINK DIAMANTE PEN IN GIFT BOX
536592,LILAC DIAMANTE PEN IN GIFT BOX
536592,POTTING SHED TEA MUG
536592,SAVE THE PLANET MUG
536592,KINGS CHOICE MUG
536592,HEARTS GIFT TAPE
536592,WOODEN BOX OF DOMINOES
536592,TRADITIONAL WOODEN SKIPPING ROPE
536592,TRADITIONAL WOODEN CATCH CUP GAME
536592,POTTING SHED TWINE
536592,"KEY FOB , GARAGE DESIGN"
536592,PHARMACIE FIRST AID TIN
536592,CHOCOLATE THIS WAY METAL SIGN
536592,BLUE HARMONICA IN BOX
536592,RED  HARMONICA IN BOX
536592,JUMBO BAG PINK VINTAGE PAISLEY
536592,JUMBO STORAGE BAG SUKI
536592,SKULL SHOULDER BAG
536592,SUKI  SHOULDER BAG
536592,SKULLS DESIGN FLANNEL
536592,SET OF 6 STRAWBERRY CHOPSTICKS
536592,SET OF 36 PAISLEY FLOWER DOILIES
536592,PACK OF 60 DINOSAUR CAKE CASES
536592,PACK OF 60 MUSHROOM CAKE CASES
536592,PACK OF 60 PINK PAISLEY CAKE CASES
536592,PACK OF 12 WOODLAND TISSUES
536592,PACK OF 12 SUKI TISSUES
536592,PACK OF 12 PINK PAISLEY TISSUES
536592,PACK OF 12 HEARTS DESIGN TISSUES
536592,MODERN FLORAL STATIONERY SET
536592,BOHEMIAN COLLAGE STATIONERY SET
536592,VINTAGE PAISLEY STATIONERY SET
536592,FLORAL FOLK STATIONERY SET
536592,PINK DOUGHNUT TRINKET POT
536592,CHRISTMAS PUDDING TRINKET POT
536592,6 RIBBONS RUSTIC CHARM
536592,RIBBON REEL LACE DESIGN
536592,RIBBON REEL FLORA + FAUNA
536592,RIBBON REEL STRIPES DESIGN
536592,PAPER CHAIN KIT RETROSPOT
536592,PAPER CHAIN KIT EMPIRE
536592,PAPER CHAIN KIT 50'S CHRISTMAS
536592,PAPER BUNTING RETROSPOT
536592,EMPIRE TISSUE BOX
536592,SKULLS SQUARE TISSUE BOX
536592,FULL ENGLISH BREAKFAST PLATE
536592,SCOTTIE DOG HOT WATER BOTTLE
536592,CHOCOLATE HOT WATER BOTTLE
536592,HOT WATER BOTTLE TEA AND SYMPATHY
536592,METAL SIGN HER DINNER IS SERVED
536592,NOEL WOODEN BLOCK LETTERS
536592,SET OF 2 TEA TOWELS PING MICROWAVE
536592,LADLE LOVE HEART RED
536592,LADLE LOVE HEART PINK
536592,CHRISTMAS CRAFT TREE TOP ANGEL
536592,CHRISTMAS CRAFT WHITE FAIRY
536592,CHRISTMAS CRAFT LITTLE FRIENDS
536592,FELTCRAFT BUTTERFLY HEARTS
536592,FELTCRAFT 6 FLOWER FRIENDS
536592,HEART DECORATION RUSTIC HANGING
536592,HEART GARLAND RUSTIC PADDED
536592,"DIAMANTE HEART SHAPED WALL MIRROR,"
536592,FAMILY ALBUM WHITE PICTURE FRAME
536592,PHOTO CUBE
536592,VICTORIAN GLASS HANGING T-LIGHT
536592,CAKE STAND VICTORIAN FILIGREE SMALL
536592,CAKE STAND VICTORIAN FILIGREE MED
536592,CAKE STAND VICTORIAN FILIGREE LARGE
536592,BLACK HEART CARD HOLDER
536592,LOCAL CAFE MUG
536592,LARGE HEART MEASURING SPOONS
536592,SMALL POPCORN HOLDER
536592,LARGE POPCORN HOLDER
536592,FRYING PAN UNION FLAG
536592,WOOD STAMP SET THANK YOU
536592,"HOOK, 1 HANGER ,MAGIC GARDEN"
536592,MAGIC GARDEN FELT GARLAND
536592,FELT EGG COSY BLUE RABBIT
536592,FELT EGG COSY WHITE RABBIT
536592,FELT EGG COSY CHICKEN
536592,WASH BAG VINTAGE ROSE PAISLEY
536592,COSMETIC BAG VINTAGE ROSE PAISLEY
536592,OVERNIGHT BAG VINTAGE ROSE PAISLEY
536592,6 EGG HOUSE PAINTED WOOD
536592,HEART FILIGREE DOVE  SMALL
536592,COFFEE MUG DOG + BALL DESIGN
536592,COFFEE MUG CAT + BIRD DESIGN
536592,COFFEE MUG BLUE PAISLEY DESIGN
536592,TEA COSY BLUE STRIPE
536592,TEA COSY RED  STRIPE
536592,IVORY KNITTED MUG COSY
536592,OFFICE MUG WARMER BLACK+SILVER
536592,OFFICE MUG WARMER POLKADOT
536592,OFFICE MUG WARMER CHOC+BLUE
536592,FIVE CATS HANGING DECORATION
536592,BLUE POLKADOT KIDS BAG
536592,MOBILE VINTAGE HEARTS
536592,WOODLAND PARTY BAG + STICKER SET
536592,HOME GARLAND PAINTED ZINC
536592,TEA BAG PLATE RED RETROSPOT
536592,ILLUSTRATED CAT BOWL
536592,LUNCH BOX WITH CUTLERY RETROSPOT
536592,CHARLOTTE BAG SUKI DESIGN
536592,CHARLOTTE BAG PINK POLKADOT
536592,GLASS JAR DIGESTIVE BISCUITS
536592,AIRLINE BAG VINTAGE TOKYO 78
536592,AIRLINE BAG VINTAGE JET SET WHITE
536592,RECYCLING BAG RETROSPOT
536592,TOY TIDY PINK POLKADOT
536592,JUMBO BAG PINK POLKADOT
536592,PAPERWEIGHT VINTAGE COLLAGE
536592,MAGNETS PACK OF 4 RETRO PHOTO
536592,MONEY BOX POCKET MONEY DESIGN
536592,MONEY BOX BISCUITS DESIGN
536592,JUMBO SHOPPER VINTAGE RED PAISLEY
536592,METAL SIGN TAKE IT OR LEAVE IT
536592,LIPSTICK PEN RED
536592,LIPSTICK PEN BABY PINK
536592,LIPSTICK PEN FUSCHIA
536592,TOOTHPASTE TUBE PEN
536592,REGENCY CAKESTAND 3 TIER
536592,ENAMEL COLANDER CREAM
536592,ENAMEL FLOWER JUG CREAM
536592,ENAMEL FIRE BUCKET CREAM
536592,SILK PURSE BABUSHKA PINK
536592,SILK PURSE BABUSHKA RED
536592,CAST IRON HOOK GARDEN FORK
536592,CAST IRON HOOK GARDEN TROWEL
536592,GUMBALL COAT RACK
536592,HEART OF WICKER SMALL
536592,TV DINNER TRAY DOLLY GIRL
536592,WHITE WOOD GARDEN PLANT LADDER
536592,PACK OF 12 TRADITIONAL CRAYONS
536592,WOODEN UNION JACK BUNTING
536592,PICNIC BASKET WICKER LARGE
536592,CABIN BAG VINTAGE PAISLEY
536592,DOORSTOP RETROSPOT HEART
536592,MAGIC DRAWING SLATE DOLLY GIRL
536592,MAGIC DRAWING SLATE CIRCUS PARADE
536592,MAGIC DRAWING SLATE SPACEBOY
536592,MAGIC DRAWING SLATE PURDEY
536592,MAGIC DRAWING SLATE DINOSAUR
536592,MINI JIGSAW DOLLY GIRL
536592,MINI JIGSAW SPACEBOY
536592,MINI JIGSAW DINOSAUR
536592,PLASTERS IN TIN SKULLS
536592,PLASTERS IN TIN VINTAGE PAISLEY
536592,TRADITIONAL MODELLING CLAY
536592,WOODEN SCHOOL COLOURING SET
536592,FELTCRAFT HAIRBANDS PINK AND WHITE
536592,FELTCRAFT HAIRBAND PINK AND PURPLE
536592,FELTCRAFT CUSHION BUTTERFLY
536592,FELTCRAFT CUSHION RABBIT
536592,ROCKING HORSE RED CHRISTMAS
536592,ADVENT CALENDAR GINGHAM SACK
536592,WOOD STOCKING CHRISTMAS SCANDISPOT
536592,PACK OF 6 SWEETIE GIFT BOXES
536592,PACK OF 6 HANDBAG GIFT BOXES
536592,PACK OF 6 PANNETONE GIFT BOXES
536592,FELTCRAFT HAIRBAND PINK AND BLUE
536592,FELTCRAFT HAIRBAND RED AND BLUE
536592,CARD HOLDER GINGHAM HEART
536592,CARDHOLDER GINGHAM STAR
536592,CHRISTMAS RETROSPOT STAR WOOD
536592,CHRISTMAS RETROSPOT ANGEL WOOD
536592,CHRISTMAS RETROSPOT HEART WOOD
536592,CHRISTMAS RETROSPOT TREE WOOD
536592,SET OF 6 SOLDIER SKITTLES
536592,4 TRADITIONAL SPINNING TOPS
536592,BOX OF VINTAGE ALPHABET BLOCKS
536592,IVORY KITCHEN SCALES
536592,RED KITCHEN SCALES
536592,CIRCUS PARADE LUNCH BOX
536592,HAND WARMER RED RETROSPOT
536592,PIGGY BANK RETROSPOT
536592,CERAMIC HEART FAIRY CAKE MONEY BANK
536592,STRAWBERRY FAIRY CAKE TEAPOT
536592,GENTLEMAN SHIRT REPAIR KIT
536592,LUNCH BOX I LOVE LONDON
536592,JUMBO BAG DOLLY GIRL DESIGN
536592,TOY TIDY DOLLY GIRL DESIGN
536592,RECIPE BOX BLUE SKETCHBOOK DESIGN
536592,RECIPE BOX PANTRY YELLOW DESIGN
536592,PINK BABY BUNTING
536592,RED BABY BUNTING
536592,FRENCH GARDEN SIGN BLUE METAL
536592,FRENCH BLUE METAL DOOR SIGN 3
536592,DOORMAT WELCOME TO OUR HOME
536592,WICKER STAR
536592,WICKER WREATH LARGE
536592,GREEN REGENCY TEACUP AND SAUCER
536592,ROSES REGENCY TEACUP AND SAUCER
536592,CARD DOLLY GIRL
536592,CARD I LOVE LONDON
536592,ALARM CLOCK BAKELIKE GREEN
536592,SET OF 6 RIBBONS VINTAGE CHRISTMAS
536592,RIBBON REEL SOCKS AND MITTENS
536592,RIBBON REEL CHRISTMAS PRESENT
536592,RIBBON REEL SNOWY VILLAGE
536592,RIBBON REEL CHRISTMAS SOCK BAUBLE
536592,FUNKY DIVA PEN
536592,MAKE YOUR OWN PLAYTIME CARD KIT
536592,POPPY'S PLAYHOUSE BEDROOM
536592,POPPY'S PLAYHOUSE LIVINGROOM
536592,POPPY'S PLAYHOUSE BATHROOM
536592,POPPY'S PLAYHOUSE KITCHEN
536592,FELTCRAFT PRINCESS CHARLOTTE DOLL
536592,FELTCRAFT PRINCESS OLIVIA DOLL
536592,SMALL RED BABUSHKA NOTEBOOK
536592,LARGE YELLOW BABUSHKA NOTEBOOK
536592,LARGE PURPLE BABUSHKA NOTEBOOK
536592,SET OF 3 NOTEBOOKS IN PARCEL
536592,PURPLE DRAWERKNOB ACRYLIC EDWARDIAN
536592,GUMBALL MAGAZINE RACK
536592,BROCANTE COAT RACK
536592,T-LIGHT GLASS FLUTED ANTIQUE
536592,FLUTED ANTIQUE CANDLE HOLDER
536592,SWEETHEART WIRE MAGAZINE RACK
536592,SWEETHEART RECIPE BOOK STAND
536592,ANTIQUE GLASS DRESSING TABLE POT
536592,ANTIQUE TALL SWIRLGLASS TRINKET POT
536592,ANTIQUE GLASS PEDESTAL BOWL
536592,BLUE DRAWER KNOB ACRYLIC EDWARDIAN
536592,SET OF 6 T-LIGHTS SNOWMEN
536592,PACK 3 BOXES CHRISTMAS PANNETONE
536592,PACK 3 BOXES BIRD PANNETONE
536592,CARD PARTY GAMES
536592,WHITE BROCANTE SOAP DISH
536592,HAND WARMER BABUSHKA DESIGN
536592,HOT WATER BOTTLE I AM SO POORLY
536592,HOT WATER BOTTLE BABUSHKA
536592,ROUND CAKE TIN VINTAGE GREEN
536592,VINTAGE CREAM DOG FOOD CONTAINER
536592,CREAM SWEETHEART EGG HOLDER
536592,FINE WICKER HEART
536592,LOVE HEART NAPKIN BOX
536592,SOAP DISH BROCANTE
536592,HAND WARMER OWL DESIGN
536592,HAND WARMER SCOTTY DOG DESIGN
536592,HAND WARMER BIRD DESIGN
536592,NUMBER TILE COTTAGE GARDEN 2
536592,NOVELTY BISCUITS CAKE STAND 3 TIER
536592,SET OF 2 TEA TOWELS APPLE AND PEARS
536592,OVEN MITT APPLES DESIGN
536592,CHILDRENS APRON APPLES DESIGN
536592,SET 2 TEA TOWELS I LOVE LONDON
536592,CALENDAR PAPER CUT DESIGN
536592,12 MESSAGE CARDS WITH ENVELOPES
536592,SET OF 20 VINTAGE CHRISTMAS NAPKINS
536592,PAPER CHAIN KIT VINTAGE CHRISTMAS
536592,ASSORTED BOTTLE TOP  MAGNETS
536592,HERB MARKER THYME
536592,HERB MARKER ROSEMARY
536592,HERB MARKER PARSLEY
536592,HERB MARKER MINT
536592,HERB MARKER BASIL
536592,HERB MARKER CHIVES
536592,FELTCRAFT CHRISTMAS FAIRY
536592,CHRISTMAS LIGHTS 10 REINDEER
536592,CHRISTMAS METAL POSTCARD WITH BELLS
536592,CHRISTMAS METAL TAGS ASSORTED
536592,WOODEN ADVENT CALENDAR CREAM
536592,WOODEN ADVENT CALENDAR RED
536592,METAL DECORATION NAUGHTY CHILDREN
536592,60 CAKE CASES DOLLY GIRL DESIGN
536592,60 CAKE CASES VINTAGE CHRISTMAS
536592,JAM MAKING SET PRINTED
536592,ROSE COTTAGE KEEPSAKE BOX
536592,HOMEMADE JAM SCENTED CANDLES
536592,CHILDREN'S SPACEBOY MUG
536592,CHILDREN'S CIRCUS PARADE MUG
536592,CHILDRENS DOLLY GIRL MUG
536592,SPACEBOY CHILDRENS EGG CUP
536592,CIRCUS PARADE CHILDRENS EGG CUP
536592,DOLLY GIRL CHILDRENS EGG CUP
536592,SOLDIERS EGG CUP
536592,BLUE VICTORIAN FABRIC OVAL BOX
536592,SET OF 3 BIRD LIGHT PINK FEATHER
536592,BLACK CHRISTMAS TREE 60CM
536592,PINK AND WHITE CHRISTMAS TREE 120CM
536592,IVORY STRING CURTAIN WITH POLE
536592,BLUE FELT HANGING HEART W FLOWER
536592,PINK FELT HANGING HEART W FLOWER
536592,SMALLFOLKART BAUBLE CHRISTMAS DEC
536592,FOLKART ZINC HEART CHRISTMAS DEC
536592,FOLKART CLIP ON STARS
536592,FOLKART HEART NAPKIN RINGS
536592,FOLK ART METAL STAR T-LIGHT HOLDER
536592,RETRO COFFEE MUGS ASSORTED
536592,PINK BREAKFAST CUP AND SAUCER
536592,MINI CAKE STAND WITH HANGING CAKES
536592,CERAMIC CAKE BOWL + HANGING CAKES
536592,YELLOW/PINK CERAMIC CANDLE HOLDER
536592,SUNSET COLOUR CHUNKY KNITTED THROW
536592,WOVEN BERRIES CUSHION COVER
536592,RETRO LONGBOARD IRONING BOARD COVER
536592,TEA TIME PARTY BUNTING
536592,TEA TIME KITCHEN APRON
536592,BLUE HAPPY BIRTHDAY BUNTING
536592,PINK HAPPY BIRTHDAY BUNTING
536592,SCOTTIES CHILDRENS APRON
536592,PINK FAIRY CAKE CHILDRENS APRON
536592,SCOTTIE DOGS BABY BIB
536592,CAROUSEL DESIGN WASHBAG
536592,PINK PARTY BAGS
536592,DOORMAT 3 SMILEY CATS
536592,DOORMAT UNION FLAG
536592,DOORMAT NEW ENGLAND
536592,DOORMAT HEARTS
536592,"FEATHER PEN,HOT PINK"
536592,"FEATHER PEN,COAL BLACK"
536592,LOVE HEART POCKET WARMER
536592,HI TEC ALPINE HAND WARMER
536592,COLOUR GLASS. STAR T-LIGHT HOLDER
536592,A4 WALL TIDY BLUE OFFICE
536592,COLUMBIAN  CUBE CANDLE
536592,GRAND CHOCOLATECANDLE
536592,SET/3 ROSE CANDLE IN JEWELLED BOX
536592,SET/3 CHRISTMAS DECOUPAGE CANDLES
536592,SET OF 2 CHRISTMAS DECOUPAGE CANDLE
536592,CORONA MEXICAN TRAY
536592,"ART LIGHTS,FUNK MONKEY"
536592,CHILLI LIGHTS
536592,LAUNDRY 15C METAL SIGN
536592,WASHROOM METAL SIGN
536592,KITCHEN METAL SIGN
536592,BATHROOM METAL SIGN
536592,AREA PATROLLED METAL SIGN
536592,FANNY'S REST STOPMETAL SIGN
536592,"METAL SIGN,CUPCAKE SINGLE HOOK"
536592,"METAL SIGN,CUPCAKE SINGLE HOOK"
536592,METAL SIGN CUPCAKE SINGLE HOOK
536592,MIDNIGHT GLAMOUR SCARF KNITTING KIT
536592,RED WOOLLY HOTTIE WHITE HEART.
536592,KNITTED UNION FLAG HOT WATER BOTTLE
536592,CHARLIE LOLA BLUE HOT WATER BOTTLE
536592,CHARLIE+LOLA PINK HOT WATER BOTTLE
536592,CHARLIE + LOLA RED HOT WATER BOTTLE
536592,PINK/PURPLE RETRO RADIO
536592,CHERRY BLOSSOM  DECORATIVE FLASK
536592,ROTATING SILVER ANGELS T-LIGHT HLDR
536592,SET OF 20 KIDS COOKIE CUTTERS
536592,SET OF 3 HEART COOKIE CUTTERS
536592,SET OF 3 BUTTERFLY COOKIE CUTTERS
536592,YELLOW METAL CHICKEN HEART
536592,SET OF 4 ENGLISH ROSE PLACEMATS
536592,SET OF 4 ENGLISH ROSE COASTERS
536592,PACK 20 ENGLISH ROSE PAPER NAPKINS
536592,ENGLISH ROSE NOTEBOOK A7 SIZE
536592,FAIRY CAKES NOTEBOOK A7 SIZE
536592,3D SHEET OF DOG STICKERS
536592,3D SHEET OF CAT STICKERS
536592,MOUSE TOY WITH PINK T-SHIRT
536592,MIXED NUTS LIGHT GREEN BOWL
536592,TALL ROCOCO CANDLE HOLDER
536592,WHITE TRAVEL ALARM CLOCK
536592,GRASS HOPPER WOODEN WALL CLOCK
536592,BOX OF 24 COCKTAIL PARASOLS
536592,S/15 SILVER GLASS BAUBLES IN BAG
536592,COLOUR GLASS T-LIGHT HOLDER HANGING
536592,JUNGLE POPSICLES ICE LOLLY HOLDERS
536592,ZINC WILLIE WINKIE  CANDLE STICK
536592,LARGE TAHITI BEACH BAG
536592,ASSORTED COLOUR BIRD ORNAMENT
536592,GREEN ROSE WASHBAG
536592,MINT GREEN ROSE TOWEL
536592,HAND TOWEL PINK FLOWER AND DAISY
536592,PINK BUTTERFLY HANDBAG W BOBBLES
536592,ANTIQUE SILVER TEA GLASS ETCHED
536592,ASSORTED COLOUR T-LIGHT HOLDER
536592,BOX OF 6 ASSORTED COLOUR TEASPOONS
536592,SINGLE HEART ZINC T-LIGHT HOLDER
536592,HANGING HEART ZINC T-LIGHT HOLDER
536592,SMALL HEART FLOWERS HOOK
536592,RECTANGULAR SHAPED MIRROR
536592,SET OF 72 PINK HEART PAPER DOILIES
536592,72 SWEETHEART FAIRY CAKE CASES
536592,SET OF 3 CONEY ISLAND OVAL BOXES
536592,SET OF 12  VINTAGE POSTCARD SET
536592,ENVELOPE 50 ROMANTIC IMAGES
536592,ENVELOPE 50 BLOSSOM IMAGES
536592,YULETIDE IMAGES GIFT WRAP SET
536592,SET/4 BLUE FLOWER CANDLES IN BOWL
536592,15CM CHRISTMAS GLASS BALL 20 LIGHTS
536592,TRADITIONAL CHRISTMAS RIBBONS
536592,SCANDINAVIAN REDS RIBBONS
536592,CHOCOLATE BOX RIBBONS
536592,FRENCH ENAMEL CANDLEHOLDER
536592,CREAM SWEETHEART LETTER RACK
536592,JUMBO BAG RED RETROSPOT
536592,JUMBO BAG STRAWBERRY
536592,BLACK ENCHANTED FOREST PLACEMAT
536592,IVORY ENCHANTED FOREST PLACEMAT
536592,RED ENCHANTED FOREST PLACEMAT
536592,BLACK CANDELABRA T-LIGHT HOLDER
536592,WHITE HANGING HEART T-LIGHT HOLDER
536592,BEADED CRYSTAL HEART GREEN ON STICK
536592,BEADED CRYSTAL HEART PINK ON STICK
536592,CHARLIE + LOLA BISCUITS TINS
536592,BLUE DRAGONFLY HELICOPTER
536592,YELLOW SHARK HELICOPTER
536592,RED SHARK HELICOPTER
536592,LADIES & GENTLEMEN METAL SIGN
536592,SET/6 PINK BIRD T-LIGHT CANDLES
536592,LARGE HANGING IVORY & RED WOOD BIRD
536592,MINI PAINTED GARDEN DECORATION
536592,SET OF 6 3D KIT CARDS FOR KIDS
536592,CINAMMON SET OF 9 T-LIGHTS
536592,SET OF 3 BABUSHKA STACKING TINS
536592,SET/3 DECOUPAGE STACKING TINS
536592,BLACK VINTAGE EARRINGS
536592,GOLD M.O.P ORBIT DROP EARRINGS
536592,GOLD M.O.P ORBIT BRACELET
536592,NEW BAROQUE B'FLY NECKLACE GREEN
536592,"FLOWER GLASS GARLD NECKL36""TURQUOIS"
536592,MURANO STYLE GLASS BRACELET BLACK
536592,CRACKED GLAZE NECKLACE RED
536592,CRACKED GLAZE EARRINGS RED
536592,BLACK DIAMOND CLUSTER EARRINGS
536592,BLUE MURANO TWIST NECKLACE
536592,OLD ROSE COMBO BEAD NECKLACE
536592,WHITE/PINK MINI CRYSTALS NECKLACE
536592,ANT COPPER RED BOUDICCA BRACELET
536592,ANT COPPER TURQ BOUDICCA BRACELET
536592,PINK & WHITE ROSEBUD RING
536592,PAIR BUTTERFLY HAIR CLIPS
536592,DROP DIAMANTE EARRINGS CRYSTAL
536592,DROP DIAMANTE EARRINGS GREEN
536592,AMETHYST GLASS/SHELL/PEARL NECKLACE
536592,JADE DROP EARRINGS W FILIGREE
536592,BLUE SWEETHEART BRACELET
536592,CRYSTAL DIAMANTE STAR BROOCH
536592,PINK ENAMEL+GLASS HAIR COMB
536592,DIAMOND LAS VEGAS NECKLACE 45CM
536592,"LETTER ""A"" BLING KEY RING"
536592,"LETTER ""E"" BLING KEY RING"
536592,"LETTER ""H"" BLING KEY RING"
536592,"LETTER ""S"" BLING KEY RING"
536592,DOTCOM POSTAGE
536592,PINK FLORAL FELTCRAFT SHOULDER BAG
536592,SQUARECUSHION COVER PINK UNION FLAG
536592,WHITE STITCHED CUSHION COVER
536592,LUNCH BAG CARS BLUE
536592,WOODEN FRAME ANTIQUE WHITE
536592,"DIAMANTE HEART SHAPED WALL MIRROR,"
536592,GUMBALL COAT RACK
536592,PIN CUSHION BABUSHKA RED
536592,PIN CUSHION BABUSHKA BLUE
536592,PIN CUSHION BABUSHKA PINK
536592,RED RETROSPOT PURSE
536593,DOORMAT SPOTTY HOME SWEET HOME
536593,DOORMAT AIRMAIL
536593,CHILDS GARDEN BRUSH PINK
536593,CAKE PLATE LOVEBIRD WHITE
536593,LADYBIRD + BEE RAFFIA FOOD COVER
536594,RED HANGING HEART T-LIGHT HOLDER
536594,GREY HEART HOT WATER BOTTLE
536594,CANDLEHOLDER PINK HANGING HEART
536594,SINGLE HEART ZINC T-LIGHT HOLDER
536594,WHITE HANGING HEART T-LIGHT HOLDER
536595,HOME SWEET HOME MUG
536595,BLACK RECORD COVER FRAME
536595,"RECORD FRAME 7"" SINGLE SIZE"
536595,NOEL WOODEN BLOCK LETTERS
536595,BATH BUILDING BLOCK WORD
536595,BAG 500g SWIRLY MARBLES
536595,WICKER STAR
536595,EDWARDIAN PARASOL RED
536595,SAVE THE PLANET COTTON TOTE BAG
536595,CHILDRENS GARDEN GLOVES BLUE
536595,CHRYSANTHEMUM SKETCHBOOK
536596,VINTAGE UNION JACK DOORSTOP
536596,SET 2 TEA TOWELS I LOVE LONDON
536596,HOT WATER BOTTLE TEA AND SYMPATHY
536596,PACK OF 12 SKULL TISSUES
536596,WAKE UP COCKEREL TILE COASTER
536596,FAUX FUR CHOCOLATE THROW
536597,60 CAKE CASES VINTAGE CHRISTMAS
536597,BAG 250g SWIRLY MARBLES
536597,BAG 125g SWIRLY MARBLES
536597,BAG 500g SWIRLY MARBLES
536597,ROSE 3 WICK MORRIS BOX CANDLE
536597,ROSE SCENT CANDLE JEWELLED DRAWER
536597,PAPER CHAIN KIT 50'S CHRISTMAS
536597,PAPER CHAIN KIT VINTAGE CHRISTMAS
536597,PACK OF 6 HANDBAG GIFT BOXES
536597,3D CHRISTMAS STAMPS STICKERS
536597,RED RETROSPOT CHILDRENS UMBRELLA
536597,VANILLA SCENT CANDLE JEWELLED BOX
536597,LUNCH BAG PINK POLKADOT
536597,WHITE BAMBOO RIBS LAMPSHADE
536597,FOLDING UMBRELLA CHOCOLATE POLKADOT
536597,CAKE STAND LOVEBIRD 2 TIER WHITE
536597,COSY SLIPPER SHOES SMALL GREEN
536597,3 GARDENIA MORRIS BOXED CANDLES
536597,CHRISTMAS DECOUPAGE CANDLE
536597,SET/4 GARDEN ROSE DINNER CANDLE
536597,SMALL POPCORN HOLDER
536597,LUNCH BAG WOODLAND
536597,S/6 SEW ON CROCHET FLOWERS
536597,GOLD PRINT PAPER BAG
536597,WOODEN HAPPY BIRTHDAY GARLAND
536597,SET OF 20 VINTAGE CHRISTMAS NAPKINS
536597,SET/4 BADGES CUTE CREATURES
536597,BLUE PAISLEY POCKET BOOK
536598,PORCELAIN ROSE LARGE
536598,PORCELAIN ROSE SMALL
536598,VICTORIAN GLASS HANGING T-LIGHT
536598,BAKING SET SPACEBOY DESIGN
536599,ROSE COTTAGE KEEPSAKE BOX
536599,ALARM CLOCK BAKELIKE RED
536599,ALARM CLOCK BAKELIKE GREEN
536599,MULTI COLOUR SILVER T-LIGHT HOLDER
536599,ASSORTED COLOUR MINI CASES
536599,DOCTOR'S BAG SOFT TOY
536600,WHITE HANGING HEART T-LIGHT HOLDER
536600,WHITE METAL LANTERN
536600,WOOD 2 DRAWER CABINET WHITE FINISH
536600,WOOD S/3 CABINET ANT WHITE FINISH
536600,WOODEN PICTURE FRAME WHITE FINISH
536600,WOODEN FRAME ANTIQUE WHITE
536600,JUMBO SHOPPER VINTAGE RED PAISLEY
536600,KNITTED UNION FLAG HOT WATER BOTTLE
536600,RED WOOLLY HOTTIE WHITE HEART.
536600,SET 7 BABUSHKA NESTING BOXES
536600,IVORY EMBROIDERED QUILT
536600,GLASS STAR FROSTED T-LIGHT HOLDER
536601,HAND WARMER RED POLKA DOT
536601,HAND WARMER UNION JACK
536602,RETRO COFFEE MUGS ASSORTED
536602,SAVE THE PLANET MUG
536602,VINTAGE BILLBOARD DRINK ME MUG
536602,VINTAGE BILLBOARD LOVE/HATE MUG
536602,WOOD 2 DRAWER CABINET WHITE FINISH
536602,JUMBO SHOPPER VINTAGE RED PAISLEY
536602,KNITTED UNION FLAG HOT WATER BOTTLE
536602,RED WOOLLY HOTTIE WHITE HEART.
536602,GLASS STAR FROSTED T-LIGHT HOLDER
536602,SET 7 BABUSHKA NESTING BOXES
536602,WHITE HANGING HEART T-LIGHT HOLDER
536602,WHITE METAL LANTERN
536603,HAND WARMER RED POLKA DOT
536603,HAND WARMER UNION JACK
536604,ZINC WILLIE WINKIE  CANDLE STICK
536604,CINAMMON SET OF 9 T-LIGHTS
536604,CREAM HEART CARD HOLDER
536604,NATURAL SLATE HEART CHALKBOARD
536604,SOAP DISH BROCANTE
536604,FLUTED ANTIQUE CANDLE HOLDER
536604,HANGING HEART ZINC T-LIGHT HOLDER
536604,GRAND CHOCOLATECANDLE
536604,JAM MAKING SET PRINTED
536605,PEACE SMALL WOOD LETTERS
536605,LOVEBIRD HANGING DECORATION WHITE
536605,SANDWICH BATH SPONGE
536605,PIZZA PLATE IN BOX
536605,FULL ENGLISH BREAKFAST PLATE
536605,PLEASE ONE PERSON METAL SIGN
536605,RED RETROSPOT APRON
536605,TEA TIME KITCHEN APRON
536605,SCOTTIE DOG HOT WATER BOTTLE
536605,FELTCRAFT DOLL ROSIE
536605,FELTCRAFT DOLL MARIA
536605,FELTCRAFT DOLL MOLLY
536605,FELTCRAFT DOLL EMILY
536605,APPLE BATH SPONGE
536605,PARTY METAL SIGN
536607,VINTAGE CREAM 3 BASKET CAKE STAND
536607,CHRISTMAS RETROSPOT HEART WOOD
536607,HOME BUILDING BLOCK WORD
536607,BATH BUILDING BLOCK WORD
536607,FAWN BLUE HOT WATER BOTTLE
536607,HOT WATER BOTTLE TEA AND SYMPATHY
536607,JUMBO BAG PINK POLKADOT
536607,JUMBO BAG RED RETROSPOT
536607,DOORMAT RESPECTABLE HOUSE
536607,DOORMAT UNION JACK GUNS AND ROSES
536607,RED HANGING HEART T-LIGHT HOLDER
536607,ASSORTED COLOUR BIRD ORNAMENT
536607,REGENCY CAKESTAND 3 TIER
536607,IVORY KITCHEN SCALES
536607,MEMO BOARD RETROSPOT  DESIGN
536607,NATURAL SLATE HEART CHALKBOARD
536607,CANDLEHOLDER PINK HANGING HEART
536607,WHITE HANGING HEART T-LIGHT HOLDER
536608,SOAP DISH BROCANTE
536608,JAM JAR WITH PINK LID
536608,JAM JAR WITH GREEN LID
536609,WHITE HANGING HEART T-LIGHT HOLDER
536609,WHITE METAL LANTERN
536609,CREAM CUPID HEARTS COAT HANGER
536609,RETRO COFFEE MUGS ASSORTED
536609,SAVE THE PLANET MUG
536609,VINTAGE BILLBOARD DRINK ME MUG
536609,VINTAGE BILLBOARD LOVE/HATE MUG
536609,WOOD 2 DRAWER CABINET WHITE FINISH
536609,WOOD S/3 CABINET ANT WHITE FINISH
536609,WOODEN PICTURE FRAME WHITE FINISH
536609,WOODEN FRAME ANTIQUE WHITE
536609,JUMBO SHOPPER VINTAGE RED PAISLEY
536609,KNITTED UNION FLAG HOT WATER BOTTLE
536609,RED WOOLLY HOTTIE WHITE HEART.
536609,SET 7 BABUSHKA NESTING BOXES
536609,GLASS STAR FROSTED T-LIGHT HOLDER
536610,HAND WARMER RED POLKA DOT
536610,HAND WARMER UNION JACK
536611,HAND WARMER OWL DESIGN
536611,HAND WARMER SCOTTY DOG DESIGN
536611,HAND WARMER RED RETROSPOT
536611,HAND WARMER UNION JACK
536611,VINTAGE SNAP CARDS
536611,WOODEN BOX OF DOMINOES
536611,PICTURE DOMINOES
536611,CHARLIE+LOLA RED HOT WATER BOTTLE
536611,CHARLIE+LOLA PINK HOT WATER BOTTLE
536611,PINK/YELLOW FLOWERS HANDBAG
536611,CHARLIE+LOLA MY ROOM DOOR SIGN
536611,RED  HARMONICA IN BOX
536611,BATHROOM METAL SIGN
536611,SALLE DE BAIN HOOK
536612,WHITE HANGING HEART T-LIGHT HOLDER
536612,WHITE METAL LANTERN
536612,CREAM CUPID HEARTS COAT HANGER
536612,RETRO COFFEE MUGS ASSORTED
536612,SAVE THE PLANET MUG
536612,VINTAGE BILLBOARD DRINK ME MUG
536612,VINTAGE BILLBOARD LOVE/HATE MUG
536612,WOOD 2 DRAWER CABINET WHITE FINISH
536612,WOOD S/3 CABINET ANT WHITE FINISH
536612,WOODEN PICTURE FRAME WHITE FINISH
536612,WOODEN FRAME ANTIQUE WHITE
536612,JUMBO SHOPPER VINTAGE RED PAISLEY
536612,KNITTED UNION FLAG HOT WATER BOTTLE
536612,RED WOOLLY HOTTIE WHITE HEART.
536612,GLASS STAR FROSTED T-LIGHT HOLDER
536613,FELTCRAFT 6 FLOWER FRIENDS
536613,CARD CHRISTMAS VILLAGE
536613,CHRISTMAS CARD STACK OF PRESENTS
536613,VINTAGE SNAP CARDS
536613,SET OF 6 SOLDIER SKITTLES
536613,4 TRADITIONAL SPINNING TOPS
536613,SET 12 KIDS COLOUR  CHALK STICKS
536613,MINI JIGSAW SPACEBOY
536613,VINTAGE HEADS AND TAILS CARD GAME
536613,SPACEBOY BIRTHDAY CARD
536613,ROBOT BIRTHDAY CARD
536613,TRAVEL SEWING KIT
536613,ZINC METAL HEART DECORATION
536613,PAPER CHAIN KIT VINTAGE CHRISTMAS
536613,RIBBON REEL MAKING SNOWMEN
536613,JOY LARGE WOOD LETTERS
536613,CHRISTMAS METAL TAGS ASSORTED
536614,HAND WARMER RED POLKA DOT
536614,HAND WARMER UNION JACK
536615,CHILDRENS APRON SPACEBOY DESIGN
536615,WORLD WAR 2 GLIDERS ASSTD DESIGNS
536615,COOKING SET RETROSPOT
536615,SET 7 BABUSHKA NESTING BOXES
536615,HOT WATER BOTTLE BABUSHKA
536615,CHILDS BREAKFAST SET SPACEBOY
536615,CHILDRENS APRON APPLES DESIGN
536615,GUMBALL MAGAZINE RACK
536615,GUMBALL COAT RACK
536615,ENCHANTED BIRD COATHANGER 5 HOOK
536615,HOME BUILDING BLOCK WORD
536615,WELCOME  WOODEN BLOCK LETTERS
536616,BLACK RECORD COVER FRAME
536617,TOAST ITS - FAIRY FLOWER
536617,TOAST ITS - BEST MUM
536617,CHILLI LIGHTS
536617,GRAND CHOCOLATECANDLE
536617,SET 10 LIGHTS NIGHT OWL
536617,BLACK CANDELABRA T-LIGHT HOLDER
536617,SET 6 FOOTBALL CELEBRATION CANDLES
536617,CACTI T-LIGHT CANDLES
536617,"ART LIGHTS,FUNK MONKEY"
536617,HANGING BAUBLE T-LIGHT HOLDER SMALL
536617,STAR PORTABLE TABLE LIGHT
536618,12 PENCILS SMALL TUBE RED RETROSPOT
536618,RETROSPOT CIGAR BOX MATCHES
536618,PLASTERS IN TIN SPACEBOY
536618,PLASTERS IN TIN STRONGMAN
536618,PLASTERS IN TIN CIRCUS PARADE
536618,SMALL POPCORN HOLDER
536618,LARGE POPCORN HOLDER
536618,10 COLOUR SPACEBOY PEN
536618,VINTAGE HEADS AND TAILS CARD GAME
536618,BLUE HARMONICA IN BOX
536618,RED  HARMONICA IN BOX
536618,BALLOON WATER BOMB PACK OF 35
536618,BALLOON PUMP WITH 10 BALLOONS
536618,FAIRY TALE COTTAGE NIGHTLIGHT
536618,ALPHABET STENCIL CRAFT
536618,WORLD WAR 2 GLIDERS ASSTD DESIGNS
536618,SET OF 20 KIDS COOKIE CUTTERS
536618,SET OF 20 VINTAGE CHRISTMAS NAPKINS
536618,PAPER CHAIN KIT VINTAGE CHRISTMAS
536618,CHRISTMAS LIGHTS 10 VINTAGE BAUBLES
536618,60 CAKE CASES VINTAGE CHRISTMAS
536619,JAM MAKING SET WITH JARS
536619,JAM MAKING SET PRINTED
536620,3 TRADITIONAl BISCUIT CUTTERS  SET
536620,IVORY PAPER CUP CAKE CASES
536620,PACK OF 72 RETROSPOT CAKE CASES
536620,PACK OF 60 PINK PAISLEY CAKE CASES
536620,60 TEATIME FAIRY CAKE CASES
536620,JAM MAKING SET PRINTED
536620,MAKE YOUR OWN MONSOON CARD KIT
536620,MAKE YOUR OWN FLOWERPOWER CARD KIT
536620,SCANDINAVIAN REDS RIBBONS
536620,CHOCOLATE BOX RIBBONS
536620,BALLOONS  WRITING SET
536620,PARTY INVITES WOODLAND
536620,PARTY INVITES BALLOON GIRL
536620,PARTY INVITES FOOTBALL
536620,PARTY INVITES SPACEMAN
536620,LOVELY BONBON STICKER SHEET
536620,SWEET PUDDING STICKER SHEET
536620,PANDA AND BUNNIES STICKER SHEET
536620,ASSTD DESIGN 3D PAPER STICKERS
536620,STARS GIFT TAPE
536620,CUTE CATS TAPE
536620,RED RETROSPOT TAPE
536620,CHRISTMAS LIGHTS 10 VINTAGE BAUBLES
536621,PICTURE DOMINOES
536621,MINI PAINT SET VINTAGE
536621,COLOURING PENCILS BROWN TUBE
536621,TOOTHPASTE TUBE PEN
536621,VINTAGE SNAP CARDS
536621,MAGIC DRAWING SLATE PURDEY
536621,WOODEN SCHOOL COLOURING SET
536621,SET 7 BABUSHKA NESTING BOXES
536621,VINTAGE HEADS AND TAILS CARD GAME
536621,PACK OF 12 COLOURED PENCILS
536623,TOAST ITS - I LOVE YOU
536623,BATH BUILDING BLOCK WORD
536623,BANK ACCOUNT  GREETING  CARD
536623,BOOZE & WOMEN GREETING CARD
536623,"FANCY FONT BIRTHDAY CARD,"
536623,EMPIRE BIRTHDAY CARD
536623,GIN & TONIC DIET GREETING CARD
536623,ROBOT BIRTHDAY CARD
536623,SPACEBOY BIRTHDAY CARD
536623,SWALLOWS GREETING CARD
536623,TEA PARTY BIRTHDAY CARD
536623,CARD BILLBOARD FONT
536623,CARD CAT AND TREE
536623,CARD DOG AND BALL
536623,CARD DOLLY GIRL
536623,PENNY FARTHING BIRTHDAY CARD
536623,CARD PSYCHEDELIC APPLES
536623,CHRISTMAS DECOUPAGE CANDLE
536623,GREEN REGENCY TEACUP AND SAUCER
536623,BLUE SPOT CERAMIC DRAWER KNOB
536623,BLUE STRIPE CERAMIC DRAWER KNOB
536623,RED SPOT CERAMIC DRAWER KNOB
536623,WHITE SPOT BLUE CERAMIC DRAWER KNOB
536623,WHITE SPOT RED CERAMIC DRAWER KNOB
536623,CLEAR DRAWER KNOB ACRYLIC EDWARDIAN
536623,PURPLE DRAWERKNOB ACRYLIC EDWARDIAN
536623,PINK DRAWER KNOB ACRYLIC EDWARDIAN
536623,RED DRAWER KNOB ACRYLIC EDWARDIAN
536623,DOORMAT FAIRY CAKE
536623,DOORMAT NEW ENGLAND
536623,WOODEN FRAME ANTIQUE WHITE
536623,"HOOK, 1 HANGER ,MAGIC GARDEN"
536623,COLOUR GLASS T-LIGHT HOLDER HANGING
536623,EMBOSSED GLASS TEALIGHT HOLDER
536623,SINGLE HEART ZINC T-LIGHT HOLDER
536623,WATERING CAN PINK BUNNY
536623,WATERING CAN GREEN DINOSAUR
536623,WATERING CAN BLUE ELEPHANT
536623,FLYING PIG WATERING CAN
536623,WOOD S/3 CABINET ANT WHITE FINISH
536623,WOOD 2 DRAWER CABINET WHITE FINISH
536623,VINTAGE BILLBOARD LOVE/HATE MUG
536623,VINTAGE BILLBOARD TEA MUG
536623,VINTAGE BILLBOARD MUG
536623,CHILDREN'S SPACEBOY MUG
536623,CHILDRENS DOLLY GIRL MUG
536623,LIPSTICK PEN RED
536623,VINTAGE BILLBOARD DRINK ME MUG
536624,FRENCH BLUE METAL DOOR SIGN 1
536624,ALARM CLOCK BAKELIKE RED
536624,ALARM CLOCK BAKELIKE GREEN
536624,ALARM CLOCK BAKELIKE IVORY
536624,ALARM CLOCK BAKELIKE CHOCOLATE
536624,FRENCH BATHROOM SIGN BLUE METAL
536624,FULL ENGLISH BREAKFAST PLATE
536624,BLUE GIANT GARDEN THERMOMETER
536624,IVORY GIANT GARDEN THERMOMETER
536624,GREEN GIANT GARDEN THERMOMETER
536624,ROSES REGENCY TEACUP AND SAUCER
536624,SET/5 RED RETROSPOT LID GLASS BOWLS
536624,PACK OF 72 RETROSPOT CAKE CASES
536624,RED RETROSPOT CAKE STAND
536624,RETROSPOT GIANT TUBE MATCHES
536624,RETROSPOT SMALL TUBE MATCHES
536624,FELTCRAFT CUSHION OWL
536624,FELTCRAFT CUSHION BUTTERFLY
536624,FELTCRAFT CUSHION RABBIT
536624,BLUE HARMONICA IN BOX
536624,RED  HARMONICA IN BOX
536624,PICTURE DOMINOES
536626,3 TRADITIONAl BISCUIT CUTTERS  SET
536627,GREEN GIANT GARDEN THERMOMETER
536627,YELLOW GIANT GARDEN THERMOMETER
536627,IVORY GIANT GARDEN THERMOMETER
536627,"CAKESTAND, 3 TIER, LOVEHEART"
536627,GLASS BELL JAR SMALL
536627,GLASS BELL JAR LARGE
536627,SET 3 WICKER OVAL BASKETS W LIDS
536627,CHRISTMAS LIGHTS 10 REINDEER
536627,BATH BUILDING BLOCK WORD
536627,JAM MAKING SET PRINTED
536627,REGENCY CAKESTAND 3 TIER
536627,GREEN REGENCY TEACUP AND SAUCER
536627,ROSES REGENCY TEACUP AND SAUCER
536627,LOVE BUILDING BLOCK WORD
536628,WHITE HANGING HEART T-LIGHT HOLDER
536628,WHITE METAL LANTERN
536628,CREAM CUPID HEARTS COAT HANGER
536628,RETRO COFFEE MUGS ASSORTED
536628,SAVE THE PLANET MUG
536628,VINTAGE BILLBOARD DRINK ME MUG
536628,VINTAGE BILLBOARD LOVE/HATE MUG
536628,WOOD 2 DRAWER CABINET WHITE FINISH
536628,WOOD S/3 CABINET ANT WHITE FINISH
536628,WOODEN PICTURE FRAME WHITE FINISH
536628,WOODEN FRAME ANTIQUE WHITE
536628,JUMBO SHOPPER VINTAGE RED PAISLEY
536628,KNITTED UNION FLAG HOT WATER BOTTLE
536628,RED WOOLLY HOTTIE WHITE HEART.
536628,SET 7 BABUSHKA NESTING BOXES
536628,GLASS STAR FROSTED T-LIGHT HOLDER
536629,HAND WARMER RED POLKA DOT
536629,HAND WARMER UNION JACK
536630,WHITE HANGING HEART T-LIGHT HOLDER
536630,WHITE METAL LANTERN
536630,CREAM CUPID HEARTS COAT HANGER
536630,RETRO COFFEE MUGS ASSORTED
536630,SAVE THE PLANET MUG
536630,VINTAGE BILLBOARD DRINK ME MUG
536630,VINTAGE BILLBOARD LOVE/HATE MUG
536630,WOOD 2 DRAWER CABINET WHITE FINISH
536630,WOOD S/3 CABINET ANT WHITE FINISH
536630,WOODEN PICTURE FRAME WHITE FINISH
536630,WOODEN FRAME ANTIQUE WHITE
536630,JUMBO SHOPPER VINTAGE RED PAISLEY
536630,KNITTED UNION FLAG HOT WATER BOTTLE
536630,RED WOOLLY HOTTIE WHITE HEART.
536630,SET 7 BABUSHKA NESTING BOXES
536630,GLASS STAR FROSTED T-LIGHT HOLDER
536631,HAND WARMER RED POLKA DOT
536631,HAND WARMER UNION JACK
536632,JUMBO STORAGE BAG SUKI
536632,JUMBO BAG RED RETROSPOT
536632,JUMBO BAG PINK POLKADOT
536632,WATERING CAN GARDEN MARKER
536632,KINGS CHOICE MUG
536632,RETRO COFFEE MUGS ASSORTED
536632,WHITE SKULL HOT WATER BOTTLE
536632,CHICK GREY HOT WATER BOTTLE
536632,RETROSPOT HEART HOT WATER BOTTLE
536632,SCOTTIE DOG HOT WATER BOTTLE
536632,HOT WATER BOTTLE BABUSHKA
536632,PACK 3 BOXES CHRISTMAS PANNETONE
536632,RIBBON REEL CHRISTMAS SOCK BAUBLE
536632,FRIDGE MAGNETS LA VIE EN ROSE
536632,FRIDGE MAGNETS LES ENFANTS ASSORTED
536632,JAM MAKING SET PRINTED
536632,3 PIECE SPACEBOY COOKIE CUTTER SET
536632,SOLDIERS EGG CUP
536632,RED RETROSPOT CAKE STAND
536632,RED RETROSPOT ROUND CAKE TINS
536632,RETRO MOD TRAY
536633,60 CAKE CASES VINTAGE CHRISTMAS
536633,COFFEE MUG CAT + BIRD DESIGN
536633,JAM MAKING SET WITH JARS
536633,PIN CUSHION BABUSHKA PINK
536633,PAPER CHAIN KIT 50'S CHRISTMAS
536633,JAM MAKING SET PRINTED
536633,ALARM CLOCK BAKELIKE PINK
536633,ALARM CLOCK BAKELIKE IVORY
536633,SET OF 3 BUTTERFLY COOKIE CUTTERS
536633,BROCANTE SHELF WITH HOOKS
536633,IVORY GIANT GARDEN THERMOMETER
536633,HERB MARKER BASIL
536633,HERB MARKER THYME
536633,HERB MARKER MINT
536633,HERB MARKER ROSEMARY
536633,HERB MARKER CHIVES
536633,HERB MARKER PARSLEY
536633,SET OF 20 VINTAGE CHRISTMAS NAPKINS
536634,NATURAL SLATE HEART CHALKBOARD
536634,GREEN POLKADOT BOWL
536634,RED RETROSPOT BOWL
536634,LUNCH BAG  BLACK SKULL.
536634,AREA PATROLLED METAL SIGN
536634,PLEASE ONE PERSON METAL SIGN
536634,SET 2 TEA TOWELS I LOVE LONDON
536634,WOODEN FRAME ANTIQUE WHITE
536634,PACK OF 12 SKULL TISSUES
536634,PICTURE FRAME WOOD TRIPLE PORTRAIT
536634,SET OF 72 RETROSPOT PAPER  DOILIES
536634,SKULLS  STICKERS
536634,RED RETROSPOT TISSUE BOX
536634,SET/20 RED RETROSPOT PAPER NAPKINS
536635,RED GINGHAM ROSE JEWELLERY BOX
536635,SET3 BOOK BOX GREEN GINGHAM FLOWER
536635,JAM MAKING SET PRINTED
536635,SET OF 20 KIDS COOKIE CUTTERS
536635,HOME SWEET HOME MUG
536635,I CAN ONLY PLEASE ONE PERSON MUG
536635,POTTING SHED TEA MUG
536635,LADIES & GENTLEMEN METAL SIGN
536635,HAND OVER THE CHOCOLATE   SIGN
536635,PLEASE ONE PERSON METAL SIGN
536635,GROW YOUR OWN BASIL IN ENAMEL MUG
536635,ROUND CAKE TIN VINTAGE RED
536635,PICNIC BASKET WICKER SMALL
536635,FINE WICKER HEART
536635,HOME BUILDING BLOCK WORD
536635,PLASTERS IN TIN VINTAGE PAISLEY
536635,SET OF 3 NOTEBOOKS IN PARCEL
536635,RED WOOLLY HOTTIE WHITE HEART.
536635,HOT WATER BOTTLE TEA AND SYMPATHY
536635,CHOCOLATE HOT WATER BOTTLE
536636,PAPER CHAIN KIT 50'S CHRISTMAS
536637,LARGE POPCORN HOLDER
536637,PARTY CONE CHRISTMAS DECORATION
536637,RETRO PLASTIC ELEPHANT TRAY
536637,GOLD MINI TAPE MEASURE
536637,HAND WARMER BIRD DESIGN
536637,HAND WARMER UNION JACK
536637,GOLD MINI TAPE MEASURE
536637,RAINBOW PEGS PHOTO CLIP STRING
536637,CINAMMON SET OF 9 T-LIGHTS
536637,ORANGE SCENTED SET/9 T-LIGHTS
536637,PACK OF 72 RETROSPOT CAKE CASES
536637,HAND WARMER UNION JACK
536637,TEATIME PEN CASE & PENS
536637,DELUXE SEWING KIT
536637,TRAVEL SEWING KIT
536637,BUTTON BOX
536637,BLUE HARMONICA IN BOX
536637,JAM MAKING SET PRINTED
536637,HAND WARMER UNION JACK
536637,PACK OF 12 LONDON TISSUES
536637,BLUE DRAGONFLY HELICOPTER
536637,SMALL POPCORN HOLDER
536637,JAM MAKING SET WITH JARS
536637,WICKER WREATH LARGE
536637,SMALL HEART MEASURING SPOONS
536637,FAMILY PHOTO FRAME CORNICE
536637,DOORMAT UNION FLAG
536637,HAND WARMER SCOTTY DOG DESIGN
536637,CHRISTMAS METAL TAGS ASSORTED
536637,3D CHRISTMAS STAMPS STICKERS
536637,CHRISTMAS METAL TAGS ASSORTED
536637,RED RETROSPOT OVEN GLOVE
536637,PAPER CHAIN KIT LONDON
536637,SMALL PURPLE BABUSHKA NOTEBOOK
536637,LARGE HEART MEASURING SPOONS
536637,RED RETROSPOT OVEN GLOVE
536637,HAND WARMER BIRD DESIGN
536637,BALLOONS  WRITING SET
536637,RED ENCHANTED FOREST PLACEMAT
536637,AGED GLASS SILVER T-LIGHT HOLDER
536637,PHOTO FRAME 3 CLASSIC HANGING
536637,PARTY CONE CHRISTMAS DECORATION
536637,3D TRADITIONAL CHRISTMAS STICKERS
536637,TRADITIONAL MODELLING CLAY
536637,PACK OF 12 COLOURED PENCILS
536637,PACK OF 12 TRADITIONAL CRAYONS
536637,CHRISTMAS DECOUPAGE CANDLE
536637,SET/9 CHRISTMAS T-LIGHTS SCENTED
536637,HERB MARKER BASIL
536637,HERB MARKER ROSEMARY
536637,HERB MARKER MINT
536637,HERB MARKER PARSLEY
536637,HERB MARKER THYME
536637,HERB MARKER CHIVES
536637,HERB MARKER ROSEMARY
536637,HERB MARKER BASIL
536637,BOX OF 24 COCKTAIL PARASOLS
536637,LUNCH BOX I LOVE LONDON
536637,200 RED + WHITE BENDY STRAWS
536637,SEASIDE FLYING DISC
536637,SET/9 CHRISTMAS T-LIGHTS SCENTED
536637,WICKER WREATH LARGE
536637,PEG BAG APPLES DESIGN
536637,GREY FLORAL FELTCRAFT SHOULDER BAG
536637,CHRISTMAS TOILET ROLL
536637,FELTCRAFT CUSHION OWL
536637,DELUXE SEWING KIT
536638,JAZZ HEARTS PURSE NOTEBOOK
536638,"FEATHER PEN,HOT PINK"
536638,GREY HEART HOT WATER BOTTLE
536638,SCOTTIE DOG HOT WATER BOTTLE
536638,CHARLIE + LOLA RED HOT WATER BOTTLE
536638,CHARLIE LOLA BLUE HOT WATER BOTTLE
536638,CHARLIE+LOLA RED HOT WATER BOTTLE
536638,SET/3 RED GINGHAM ROSE STORAGE BOX
536638,RED GINGHAM ROSE JEWELLERY BOX
536638,GLASS HEART T-LIGHT HOLDER
536638,FAIRY CAKE FLANNEL ASSORTED COLOUR
536638,BLUE PARTY BAGS
536638,TEA TIME PARTY BUNTING
536638,WOODEN UNION JACK BUNTING
536638,PAPER BUNTING RETROSPOT
536638,SMALL WHITE RETROSPOT MUG IN BOX
536638,SMALL RED RETROSPOT MUG IN BOX
536638,"SET 3 RETROSPOT TEA,COFFEE,SUGAR"
536638,PIGGY BANK RETROSPOT
536638,12 PENCILS TALL TUBE RED RETROSPOT
536638,12 PENCILS SMALL TUBE RED RETROSPOT
536638,RED RETROSPOT MINI CASES
536638,RED RETROSPOT OVEN GLOVE DOUBLE
536638,RED RETROSPOT PUDDING BOWL
536638,RETROSPOT LARGE MILK JUG
536638,RED RETROSPOT TRADITIONAL TEAPOT
536638,DAIRY MAID  PUDDING BOWL
536638,ASSORTED CAKES FRIDGE MAGNETS
536638,72 SWEETHEART FAIRY CAKE CASES
536638,60 TEATIME FAIRY CAKE CASES
536638,LUNCH BOX WITH CUTLERY RETROSPOT
536638,SET OF 4 ENGLISH ROSE PLACEMATS
536638,SET OF 4 ENGLISH ROSE COASTERS
536638,FOOD CONTAINER SET 3 LOVE HEART
536638,DO NOT TOUCH MY STUFF DOOR HANGER
536638,MOODY GIRL DOOR HANGER
536638,KEEP OUT BOYS DOOR HANGER
536638,MOODY BOY  DOOR HANGER
536638,SINGLE HEART ZINC T-LIGHT HOLDER
536638,GRAND CHOCOLATECANDLE
536638,PICNIC BASKET WICKER SMALL
536638,HEART OF WICKER SMALL
536638,FOUR HOOK  WHITE LOVEBIRDS
536638,CREAM CUPID HEARTS COAT HANGER
536638,BLACK HEART CARD HOLDER
536638,SMALL HEART FLOWERS HOOK
536638,FILIGRIS HEART WITH BUTTERFLY
536638,ZINC METAL HEART DECORATION
536638,HEART IVORY TRELLIS SMALL
536638,HEART DECORATION PAINTED ZINC
536638,"DECORATION HEN ON NEST, HANGING"
536638,HEN HOUSE DECORATION
536638,PACK OF 12 STICKY BUNNIES
536638,MINI WOODEN HAPPY BIRTHDAY GARLAND
536638,WOODEN HAPPY BIRTHDAY GARLAND
536638,PINK HAPPY BIRTHDAY BUNTING
536638,BLUE HAPPY BIRTHDAY BUNTING
536638,WOOD STAMP SET BEST WISHES
536638,WOOD STAMP SET HAPPY BIRTHDAY
536638,WOOD STAMP SET THANK YOU
536638,FIVE HEART HANGING DECORATION
536638,12 PENCILS SMALL TUBE SKULL
536638,12 PENCILS TALL TUBE SKULLS
536639,HAND WARMER RED RETROSPOT
536639,GLAMOROUS  MUG
536639,DOORMAT 3 SMILEY CATS
536639,BINGO SET
536639,HAND WARMER BIRD DESIGN
536639,HAND WARMER SCOTTY DOG DESIGN
536639,HAND WARMER OWL DESIGN
536639,CHOCOLATE HOT WATER BOTTLE
536639,KNITTED UNION FLAG HOT WATER BOTTLE
536639,PIGGY BANK RETROSPOT
536639,PAPER BUNTING RETROSPOT
536639,RED RETROSPOT APRON
536639,JAM MAKING SET PRINTED
536639,DOORMAT RESPECTABLE HOUSE
536639,DOORMAT UNION FLAG
536639,CREAM WALL PLANTER HEART SHAPED
536640,BLUE HARMONICA IN BOX
536640,CHARLOTTE BAG DOLLY GIRL DESIGN
536640,TRADITIONAL MODELLING CLAY
536640,JUMBO SHOPPER VINTAGE RED PAISLEY
536640,HAND WARMER UNION JACK
536640,HAND WARMER RED RETROSPOT
536640,HAND WARMER BIRD DESIGN
536640,RETROSPOT RED WASHING UP GLOVES
536640,GARDENIA 3 WICK MORRIS BOXED CANDLE
536640,RECIPE BOX RETROSPOT
536640,CHEST 7 DRAWER MA CAMPAGNE
536641,GREEN CHRISTMAS TREE CARD HOLDER
536643,YELLOW SHARK HELICOPTER
536643,JUMBO BAG RED RETROSPOT
536643,JUMBO BAG SPACEBOY DESIGN
536643,I CAN ONLY PLEASE ONE PERSON MUG
536643,STRAWBERRY CHARLOTTE BAG
536643,GREY FLORAL FELTCRAFT SHOULDER BAG
536643,RED FLORAL FELTCRAFT SHOULDER BAG
536643,PINK FLORAL FELTCRAFT SHOULDER BAG
536643,JUMBO BAG RED RETROSPOT
536643,10 COLOUR SPACEBOY PEN
536643,AIRLINE BAG VINTAGE JET SET RED
536643,AIRLINE BAG VINTAGE WORLD CHAMPION
536643,AIRLINE BAG VINTAGE JET SET BROWN
536643,AIRLINE BAG VINTAGE TOKYO 78
536643,CHILDS BREAKFAST SET SPACEBOY
536643,JUMBO BAG DOLLY GIRL DESIGN
536643,LUNCH BAG DOLLY GIRL DESIGN
536643,CERAMIC PIRATE CHEST MONEY BANK
536643,WOODEN STAR CHRISTMAS SCANDINAVIAN
536643,WOODEN TREE CHRISTMAS SCANDINAVIAN
536643,WHITE SKULL HOT WATER BOTTLE
536643,CHOCOLATE HOT WATER BOTTLE
536643,BIRD HOUSE HOT WATER BOTTLE
536643,RED 3 PIECE RETROSPOT CUTLERY SET
536643,GREEN 3 PIECE POLKADOT CUTLERY SET
536643,BLUE 3 PIECE POLKADOT CUTLERY SET
536643,PINK 3 PIECE POLKADOT CUTLERY SET
536663,HAND WARMER BIRD DESIGN
536663,HAND WARMER UNION JACK
536663,HAND WARMER RED RETROSPOT
536663,PAPER CHAIN KIT VINTAGE CHRISTMAS
536663,RIBBON REEL CHRISTMAS PRESENT
536663,60 CAKE CASES VINTAGE CHRISTMAS
536667,CHRISTMAS RETROSPOT ANGEL WOOD
536667,CHRISTMAS RETROSPOT HEART WOOD
536667,WOODEN TREE CHRISTMAS SCANDINAVIAN
536667,HEART WOODEN CHRISTMAS DECORATION
536667,SWALLOW WOODEN CHRISTMAS DECORATION
536667,CHRISTMAS GINGHAM TREE
536667,CHRISTMAS GINGHAM HEART
536667,REGENCY CAKESTAND 3 TIER
536667,RED RETROSPOT ROUND CAKE TINS
536667,PAPER CHAIN KIT 50'S CHRISTMAS
536667,PAPER CHAIN KIT VINTAGE CHRISTMAS
536667,ROTATING SILVER ANGELS T-LIGHT HLDR
536667,COSY SLIPPER SHOES LARGE GREEN
536667,COSY SLIPPER SHOES SMALL  RED
536667,COSY SLIPPER SHOES SMALL GREEN
536667,CHILLI LIGHTS
536670,HEART OF WICKER SMALL
536671,WHITE JEWELLED HEART DECORATION
536671,FINE WICKER HEART
536671,HANGING METAL STAR LANTERN
536671,POLKADOT PEN
536671,IVORY HANGING DECORATION  HEART
536672,PACK 3 BOXES CHRISTMAS PANNETONE
536672,ASSORTED COLOUR MINI CASES
536672,ALARM CLOCK BAKELIKE ORANGE
536672,STRIPEY CHOCOLATE NESTING BOXES
536673,SWISS CHALET TREE DECORATION
536673,CHRISTMAS TREE STAR DECORATION
536673,CHRISTMAS TREE DECORATION WITH BELL
536673,SET/3 CHRISTMAS DECOUPAGE CANDLES
536673,SET OF 20 VINTAGE CHRISTMAS NAPKINS
536673,CHINESE DRAGON PAPER LANTERNS
536673,PACK OF 12 COLOURED PENCILS
536673,VINTAGE HEADS AND TAILS CARD GAME
536674,REX CASH+CARRY JUMBO SHOPPER
536674,CERAMIC PIRATE CHEST MONEY BANK
536674,MILK PAN PINK POLKADOT
536674,BOOM BOX SPEAKER BOYS
536674,PEACE SMALL WOOD LETTERS
536674,3 PIECE SPACEBOY COOKIE CUTTER SET
536674,FOOD CONTAINER SET 3 LOVE HEART
536674,DOORMAT BLACK FLOCK
536674,SCOTTIES CHILDRENS APRON
536674,PINK FAIRY CAKE CHILDRENS APRON
536674,6 CHOCOLATE LOVE HEART T-LIGHTS
536674,LARGE HEART MEASURING SPOONS
536674,SMALL PINK MAGIC CHRISTMAS TREE
536674,SET OF 4 FAIRY CAKE PLACEMATS
536674,CHILDRENS APRON SPACEBOY DESIGN
536674,RECYCLED PENCIL WITH RABBIT ERASER
536674,COLOUR GLASS T-LIGHT HOLDER HANGING
536674,KEEP OUT BOYS DOOR HANGER
536674,BLUE CALCULATOR RULER
536674,RED FLOCK LOVE HEART PHOTO FRAME
536674,PICNIC BASKET WICKER LARGE
536676,SCENTED CANDLE IN DIGITALIS TIN
536676,GROW YOUR OWN FLOWERS SET OF 3
536676,SET OF 3 NOTEBOOKS IN PARCEL
536676,ORGANISER WOOD ANTIQUE WHITE
536676,CHEST OF DRAWERS GINGHAM HEART
536676,CHRISTMAS GINGHAM HEART
536676,RED HEART SHAPE LOVE BUCKET
536676,HOMEMADE JAM SCENTED CANDLES
536676,VINTAGE POST OFFICE CABINET
536681,CREAM CUPID HEARTS COAT HANGER
536681,HEART FILIGREE DOVE  SMALL
536681,HEART FILIGREE DOVE LARGE
536681,12 MESSAGE CARDS WITH ENVELOPES
536681,SOLDIERS EGG CUP
536681,ASSORTED COLOUR BIRD ORNAMENT
536681,REGENCY CAKESTAND 3 TIER
536681,HAND WARMER UNION JACK
536681,HAND WARMER BIRD DESIGN
536681,HAND WARMER SCOTTY DOG DESIGN
536681,KINGS CHOICE GIANT TUBE MATCHES
536681,RETROSPOT SMALL TUBE MATCHES
536681,RETROSPOT GIANT TUBE MATCHES
536685,RED WOOLLY HOTTIE WHITE HEART.
536685,SET 7 BABUSHKA NESTING BOXES
536685,IVORY EMBROIDERED QUILT
536685,GLASS STAR FROSTED T-LIGHT HOLDER
536685,WHITE HANGING HEART T-LIGHT HOLDER
536685,WHITE METAL LANTERN
536685,CREAM CUPID HEARTS COAT HANGER
536685,RETRO COFFEE MUGS ASSORTED
536685,SAVE THE PLANET MUG
536685,VINTAGE BILLBOARD DRINK ME MUG
536685,VINTAGE BILLBOARD LOVE/HATE MUG
536685,WOOD 2 DRAWER CABINET WHITE FINISH
536685,WOOD S/3 CABINET ANT WHITE FINISH
536685,WOODEN PICTURE FRAME WHITE FINISH
536685,WOODEN FRAME ANTIQUE WHITE
536685,JUMBO SHOPPER VINTAGE RED PAISLEY
536685,KNITTED UNION FLAG HOT WATER BOTTLE
536688,HAND WARMER RED POLKA DOT
536688,HAND WARMER UNION JACK
536690,WHITE HANGING HEART T-LIGHT HOLDER
536690,WHITE METAL LANTERN
536690,CREAM CUPID HEARTS COAT HANGER
536690,RETRO COFFEE MUGS ASSORTED
536690,SAVE THE PLANET MUG
536690,VINTAGE BILLBOARD DRINK ME MUG
536690,VINTAGE BILLBOARD LOVE/HATE MUG
536690,WOOD 2 DRAWER CABINET WHITE FINISH
536690,WOOD S/3 CABINET ANT WHITE FINISH
536690,WOODEN PICTURE FRAME WHITE FINISH
536690,WOODEN FRAME ANTIQUE WHITE
536690,JUMBO SHOPPER VINTAGE RED PAISLEY
536690,KNITTED UNION FLAG HOT WATER BOTTLE
536690,RED WOOLLY HOTTIE WHITE HEART.
536690,SET 7 BABUSHKA NESTING BOXES
536690,IVORY EMBROIDERED QUILT
536690,GLASS STAR FROSTED T-LIGHT HOLDER
536693,HAND WARMER RED POLKA DOT
536693,HAND WARMER UNION JACK
536698,RED TOADSTOOL LED NIGHT LIGHT
536698,BLUE DRAGONFLY HELICOPTER
536698,VINTAGE SEASIDE JIGSAW PUZZLES
536698,POPPY'S PLAYHOUSE BEDROOM
536698,SET OF 6 3D KIT CARDS FOR KIDS
536698,VINTAGE SNAP CARDS
536698,STAR PORTABLE TABLE LIGHT
536698,CLEAR MILKSHAKE GLASS
536698,NATURAL SLATE HEART CHALKBOARD
536698,RED BABY BUNTING
536698,BIRDS MOBILE VINTAGE DESIGN
536698,WOODLAND  HEIGHT CHART STICKERS
536698,PAINT YOUR OWN CANVAS SET
536698,CHRISTMAS LIGHTS 10 VINTAGE BAUBLES
536698,DINOSAUR LUNCH BOX WITH CUTLERY
536698,LUNCH BAG SPACEBOY DESIGN
536707,FAIRY CAKE BIRTHDAY CANDLE SET
536707,RED SPOTTY BISCUIT TIN
536707,RED RETROSPOT ROUND CAKE TINS
536707,ROUND CAKE TIN VINTAGE RED
536707,CHARLIE + LOLA BISCUITS TINS
536707,CHARLIE AND LOLA TABLE TINS
536707,CHARLIE AND LOLA FIGURES TINS
536707,CUPCAKE LACE PAPER SET 6
536707,36 FOIL STAR CAKE CASES
536707,BLACK KITCHEN SCALES
536707,RED RETROSPOT CAKE STAND
536707,CAKE STAND WHITE TWO TIER LACE
536707,REGENCY CAKESTAND 3 TIER
536732,RED RETROSPOT CUP
536732,GREEN POLKADOT BOWL
536732,BLUE POLKADOT BOWL
536732,PINK  POLKADOT CUP
536732,BLUE POLKADOT PLATE
536732,GREEN POLKADOT PLATE
536732,GREEN 3 PIECE POLKADOT CUTLERY SET
536732,PINK 3 PIECE POLKADOT CUTLERY SET
536732,SKULLS  STICKERS
536732,WHITE SKULL HOT WATER BOTTLE
536732,REGENCY CAKESTAND 3 TIER
536732,PACK OF 72 SKULL CAKE CASES
536732,SKULL AND CROSSBONES  GARLAND
536732,PACK OF 6 SKULL PAPER CUPS
536732,PACK OF 6 SKULL PAPER PLATES
536732,PACK OF 20 SKULL PAPER NAPKINS
536732,200 BENDY SKULL STRAWS
536732,SKULLS PARTY BAG + STICKER SET
536732,SET OF 9 BLACK SKULL BALLOONS
536732,PAPER CHAIN KIT VINTAGE CHRISTMAS
536732,PAPER CHAIN KIT 50'S CHRISTMAS
536732,TRADITIONAL CHRISTMAS RIBBONS
536732,SET/20 RED RETROSPOT PAPER NAPKINS
536732,SET/6 RED SPOTTY PAPER CUPS
536732,SET/6 RED SPOTTY PAPER PLATES
536732,PACK OF 72 RETROSPOT CAKE CASES
536733,STRAWBERRY HONEYCOMB  GARLAND
536733,12 PENCILS SMALL TUBE SKULL
536733,RETROSPOT PARTY BAG + STICKER SET
536733,SET/6 RED SPOTTY PAPER PLATES
536733,SET/20 RED RETROSPOT PAPER NAPKINS
536733,SET/6 RED SPOTTY PAPER CUPS
536733,SET/5 RED RETROSPOT LID GLASS BOWLS
536733,12 PENCILS SMALL TUBE RED RETROSPOT
536733,PINK POLKADOT BOWL
536733,PINK HAPPY BIRTHDAY BUNTING
536733,PINK PARTY BAGS
536733,PAPER CHAIN KIT RETROSPOT
536733,BLUE PARTY BAGS
536733,SET OF 20 KIDS COOKIE CUTTERS
536735,LUNCH BOX I LOVE LONDON
536736,BAG 125g SWIRLY MARBLES
536736,VINTAGE SNAP CARDS
536736,VINTAGE HEADS AND TAILS CARD GAME
536736,PACK OF 12 LONDON TISSUES
536736,PLASTERS IN TIN STRONGMAN
536738,SET OF 6 T-LIGHTS WEDDING CAKE
536738,MINI CAKE STAND T-LIGHT HOLDER
536738,RED RETROSPOT CAKE STAND
536738,RED RETROSPOT ROUND CAKE TINS
536738,SET/5 RED RETROSPOT LID GLASS BOWLS
536738,ROUND CAKE TIN VINTAGE GREEN
536738,ROUND CAKE TIN VINTAGE RED
536739,RECIPE BOX PANTRY YELLOW DESIGN
536739,WELCOME  WOODEN BLOCK LETTERS
536739,"BLACK TEA,COFFEE,SUGAR JARS"
536739,CREAM SWEETHEART LETTER RACK
536739,RED RETROSPOT CAKE STAND
536739,RED RETROSPOT MINI CASES
536739,SET OF 3 COLOURED  FLYING DUCKS
536739,SHOE SHINE BOX
536739,BREAD BIN DINER STYLE MINT
536739,BREAD BIN DINER STYLE PINK
536739,RED RETROSPOT TRADITIONAL TEAPOT
536739,RED RETROSPOT MUG
536740,JAM JAR WITH GREEN LID
536740,JAM JAR WITH PINK LID
536740,JAM MAKING SET PRINTED
536740,GINGERBREAD MAN COOKIE CUTTER
536740,3 PIECE SPACEBOY COOKIE CUTTER SET
536740,HOMEMADE JAM SCENTED CANDLES
536740,RED RETROSPOT ROUND CAKE TINS
536741,VANILLA INCENSE 40 CONES IN TIN
536741,LAVENDER INCENSE 40 CONES IN TIN
536741,NATURAL SLATE HEART CHALKBOARD
536741,ASSORTED COLOUR BIRD ORNAMENT
536741,COLUMBIAN CANDLE ROUND
536741,COLUMBIAN CANDLE RECTANGLE
536741,ZINC FINISH 15CM PLANTER POTS
536741,SCANDINAVIAN REDS RIBBONS
536741,6 RIBBONS RUSTIC CHARM
536741,6 RIBBONS ELEGANT CHRISTMAS
536741,TRADITIONAL CHRISTMAS RIBBONS
536741,FELTCRAFT CHRISTMAS FAIRY
536741,CHRISTMAS CRAFT LITTLE FRIENDS
536741,TRAVEL SEWING KIT
536741,MULTI COLOUR SILVER T-LIGHT HOLDER
536742,ENGLISH ROSE SPIRIT LEVEL
536742,SMALL SQUARE CUT GLASS CANDLESTICK
536742,LADYBIRD + BEE RAFFIA FOOD COVER
536742,SMALL HEART MEASURING SPOONS
536742,PAPER CHAIN KIT 50'S CHRISTMAS
536742,BOX OF 24 COCKTAIL PARASOLS
536742,SET OF 3 BUTTERFLY COOKIE CUTTERS
536742,36 PENCILS TUBE SKULLS
536742,CAMOUFLAGE LED TORCH
536742,PLASTERS IN TIN SKULLS
536742,SILK PURSE BABUSHKA RED
536742,SILK PURSE BABUSHKA BLUE
536742,ARMY CAMO BOOKCOVER TAPE
536742,CARROT CHARLIE+LOLA COASTER SET
536742,CHRISTMAS LIGHTS 10 REINDEER
536742,DOG BOWL CHASING BALL DESIGN
536742,JUMBO STORAGE BAG SUKI
536742,MEMO BOARD COTTAGE DESIGN
536742,UNION STRIPE WITH FRINGE  HAMMOCK
536742,RETROSPOT SMALL TUBE MATCHES
536742,OFFICE MUG WARMER POLKADOT
536742,CREAM WALL PLANTER HEART SHAPED
536742,CHILDS GARDEN SPADE BLUE
536742,SOLDIERS EGG CUP
536742,LOVE HEART NAPKIN BOX
536742,CHILDREN'S CIRCUS PARADE MUG
536742,CHILDRENS DOLLY GIRL MUG
536742,CHILDREN'S SPACEBOY MUG
536742,PACK OF 72 SKULL CAKE CASES
536742,LUNCH BOX I LOVE LONDON
536742,FAMILY PHOTO FRAME CORNICE
536742,SKULLS STORAGE BOX SMALL
536742,SKULLS GREETING CARD
536742,HANGING CHICK  YELLOW DECORATION
536742,CLOTHES PEGS RETROSPOT PACK 24
536742,RECYCLING BAG RETROSPOT
536742,HEART OF WICKER LARGE
536742,SET OF 72 SKULL PAPER  DOILIES
536742,HEART OF WICKER SMALL
536742,36 PENCILS TUBE SKULLS
536742,SET OF 36 PAISLEY FLOWER DOILIES
536742,SET/5 RED RETROSPOT LID GLASS BOWLS
536742,200 BENDY SKULL STRAWS
536742,PLASTERS IN TIN SKULLS
536742,PLASTERS IN TIN VINTAGE PAISLEY
536742,TRAVEL SEWING KIT
536742,OFFICE MUG WARMER BLACK+SILVER
536742,HANGING METAL STAR LANTERN
536742,COLOUR GLASS T-LIGHT HOLDER HANGING
536742,RECIPE BOX PANTRY YELLOW DESIGN
536743,SPACEBOY GIFT WRAP
536743,BLUE GLASS CHUNKY CHARM BRACELET
536743,BLACK+WHITE NECKLACE W TASSEL
536743,AMBER CHUNKY GLASS+BEAD NECKLACE
536743,POPPY'S PLAYHOUSE LIVINGROOM
536743,POPPY'S PLAYHOUSE BEDROOM
536743,CARD BILLBOARD FONT
536743,BLUE HARMONICA IN BOX
536743,GINGHAM ROSE WRAP
536743,RED TOADSTOOL LED NIGHT LIGHT
536743,12 PENCILS TALL TUBE POSY
536743,12 COLOURED PARTY BALLOONS
536743,PINK FLOWER CROCHET FOOD COVER
536743,FLOWER VINE RAFFIA FOOD COVER
536743,BOX OF VINTAGE ALPHABET BLOCKS
536743,FOOD/DRINK SPONGE STICKERS
536743,BLUE DRAGONFLY HELICOPTER
536743,PLASTERS IN TIN SPACEBOY
536743,PINK HEART SHAPE PHOTO FRAME
536743,SET 12 KIDS COLOUR  CHALK STICKS
536743,LILAC DIAMANTE PEN IN GIFT BOX
536743,SILVER DIAMANTE PEN IN GIFT BOX
536743,ALARM CLOCK BAKELIKE ORANGE
536743,WOODEN BOX OF DOMINOES
536743,BLUE JUICY FRUIT PHOTO FRAME
536743,GREEN JUICY FRUIT PHOTO FRAME
536743,GLITTER BUTTERFLY CLIPS
536743,PLASTERS IN TIN WOODLAND ANIMALS
536743,BUTTON BOX
536743,ASSORTED CREEPY CRAWLIES
536743,VINTAGE UNION JACK MEMOBOARD
536743,SQUARECUSHION COVER PINK UNION FLAG
536743,DELUXE SEWING KIT
536743,SILVER HANGING T-LIGHT HOLDER
536743,ANTIQUE TALL SWIRLGLASS TRINKET POT
536744,CHILDRENS APRON APPLES DESIGN
536744,PINK FAIRY CAKE CHILDRENS APRON
536744,RETROSPOT CHILDRENS APRON
536744,CHILDRENS APRON SPACEBOY DESIGN
536744,36 FOIL STAR CAKE CASES
536744,36 FOIL HEART CAKE CASES
536744,VINTAGE UNION JACK APRON
536744,REGENCY CAKESTAND 3 TIER
536744,RED RETROSPOT CAKE STAND
536744,3 TIER CAKE TIN GREEN AND CREAM
536745,RIBBON REEL SNOWY VILLAGE
536745,SET/3 RED GINGHAM ROSE STORAGE BOX
536745,S/4 VALENTINE DECOUPAGE HEART BOX
536745,ASSORTED COLOUR MINI CASES
536745,RED RETROSPOT MINI CASES
536745,6 RIBBONS RUSTIC CHARM
536745,RIBBON REEL MAKING SNOWMEN
536745,RIBBON REEL CHRISTMAS PRESENT
536745,SET3 BOOK BOX GREEN GINGHAM FLOWER
536745,BASKET OF FLOWERS SEWING KIT
536746,FAMILY PHOTO FRAME CORNICE
536746,SWEETHEART RECIPE BOOK STAND
536746,BLUE COAT RACK PARIS FASHION
536746,HOMEMADE JAM SCENTED CANDLES
536746,VICTORIAN SEWING BOX SMALL
536746,VICTORIAN SEWING BOX LARGE
536746,ANTIQUE SILVER TEA GLASS ENGRAVED
536746,ANTIQUE SILVER TEA GLASS ETCHED
536746,FAMILY ALBUM WHITE PICTURE FRAME
536746,TRIPLE PHOTO FRAME CORNICE
536746,COSY HOUR GIANT TUBE MATCHES
536746,RIBBON REEL STRIPES DESIGN
536746,SET OF 4 NAPKIN CHARMS CUTLERY
536747,WRAP PINK FAIRY CAKES
536747,CHOCOLATE BOX RIBBONS
536747,ROMANTIC PINKS RIBBONS
536747,SCANDINAVIAN REDS RIBBONS
536747,BABY BOOM RIBBONS
536747,TRADITIONAL CHRISTMAS RIBBONS
536747,URBAN BLACK RIBBONS
536747,HAND WARMER SCOTTY DOG DESIGN
536747,HAND WARMER OWL DESIGN
536747,HAND WARMER BABUSHKA DESIGN
536747,HAND WARMER UNION JACK
536747,HAND WARMER RED RETROSPOT
536748,MULTI COLOUR SILVER T-LIGHT HOLDER
536748,IVORY DINER WALL CLOCK
536748,VINTAGE CREAM 3 BASKET CAKE STAND
536748,CHILDS BREAKFAST SET SPACEBOY
536748,ENAMEL WASH BOWL CREAM
536749,KNITTED UNION FLAG HOT WATER BOTTLE
536749,12 PENCILS SMALL TUBE RED RETROSPOT
536749,RED WOOLLY HOTTIE WHITE HEART.
536749,LOCAL CAFE MUG
536749,DIAMANTE BOW BROOCH BLACK COLOUR
536749,DIAMANTE BOW BROOCH GREEN COLOUR
536749,DIAMANTE BOW BROOCH RED COLOUR
536749,LILY BROOCH AMETHYST COLOUR
536749,PAIR OF ENAMEL BUTTERFLY HAIRCLIP
536749,AMETHYST DIAMANTE EXPANDABLE RING
536749,BLACK DIAMANTE EXPANDABLE RING
536749,PURPLE GEMSTONE BRACELET
536749,BLACK GEMSTONE BRACELET
536749,PURPLE GEMSTONE NECKLACE 45CM
536749,5 STRAND GLASS NECKLACE BLACK
536749,DROP DIAMANTE EARRINGS CRYSTAL
536749,AMETHYST HOOP EARRING FLORAL LEAF
536749,RECYCLING BAG RETROSPOT
536749,HANGING BAUBLE T-LIGHT HOLDER LARGE
536749,CUT GLASS HEXAGON T-LIGHT HOLDER
536749,GOLD PRINT PAPER BAG
536749,RED TEA TOWEL CLASSIC DESIGN
536749,CLAM SHELL SMALL
536749,EDWARDIAN PARASOL RED
536749,REX CASH+CARRY JUMBO SHOPPER
536749,CUT GLASS HEXAGON T-LIGHT HOLDER
536749,CLAM SHELL SMALL
536749,SET 7 BABUSHKA NESTING BOXES
536749,GROW YOUR OWN BASIL IN ENAMEL MUG
536749,FOLDING UMBRELLA PINKWHITE POLKADOT
536749,PHOTO CUBE
536749,PACK OF 72 RETROSPOT CAKE CASES
536749,CHRISTMAS LIGHTS 10 VINTAGE BAUBLES
536749,CLAM SHELL LARGE
536749,FELTCRAFT PRINCESS LOLA DOLL
536749,COCKLE SHELL DISH
536749,AIRLINE BAG VINTAGE TOKYO 78
536749,PHOTO CUBE
536749,PARTY PIZZA DISH RED RETROSPOT
536749,SPACEBOY TV DINNER TRAY
536749,RED FLORAL FELTCRAFT SHOULDER BAG
536749,AIRLINE BAG VINTAGE TOKYO 78
536749,TV DINNER TRAY DOLLY GIRL
536749,EDWARDIAN PARASOL NATURAL
536749,RED RETROSPOT OVEN GLOVE
536749,ROTATING SILVER ANGELS T-LIGHT HLDR
536749,GROW YOUR OWN BASIL IN ENAMEL MUG
536749,PINK TALL PORCELAIN T-LIGHT HOLDER
536749,WHITE TALL PORCELAIN T-LIGHT HOLDER
536749,TV DINNER TRAY DOLLY GIRL
536749,HAND WARMER SCOTTY DOG DESIGN
536749,CLAM SHELL SMALL
536749,HAND WARMER BIRD DESIGN
536749,HAND WARMER UNION JACK
536749,RECIPE BOX RETROSPOT
536749,SET/5 RED RETROSPOT LID GLASS BOWLS
536749,RED GINGHAM ROSE JEWELLERY BOX
536749,ASSORTED COLOUR BIRD ORNAMENT
536749,WHITE HANGING HEART T-LIGHT HOLDER
536749,SET 2 TEA TOWELS I LOVE LONDON
536749,PHOTO CUBE
536749,TOY TIDY DOLLY GIRL DESIGN
536749,AIRLINE BAG VINTAGE TOKYO 78
536749,GREY FLORAL FELTCRAFT SHOULDER BAG
536749,FELTCRAFT CUSHION BUTTERFLY
536750,WHITE HANGING HEART T-LIGHT HOLDER
536750,WHITE METAL LANTERN
536750,CREAM CUPID HEARTS COAT HANGER
536750,EDWARDIAN PARASOL BLACK
536750,EDWARDIAN PARASOL RED
536750,RETRO COFFEE MUGS ASSORTED
536750,SAVE THE PLANET MUG
536750,VINTAGE BILLBOARD DRINK ME MUG
536750,VINTAGE BILLBOARD LOVE/HATE MUG
536750,WOOD 2 DRAWER CABINET WHITE FINISH
536750,WOOD S/3 CABINET ANT WHITE FINISH
536750,WOODEN PICTURE FRAME WHITE FINISH
536750,WOODEN FRAME ANTIQUE WHITE
536750,JUMBO SHOPPER VINTAGE RED PAISLEY
536750,KNITTED UNION FLAG HOT WATER BOTTLE
536750,RED WOOLLY HOTTIE WHITE HEART.
536750,SET 7 BABUSHKA NESTING BOXES
536750,IVORY EMBROIDERED QUILT
536750,GLASS STAR FROSTED T-LIGHT HOLDER
536751,HAND WARMER RED POLKA DOT
536751,HAND WARMER UNION JACK
536752,WHITE HANGING HEART T-LIGHT HOLDER
536752,WHITE METAL LANTERN
536752,CREAM CUPID HEARTS COAT HANGER
536752,EDWARDIAN PARASOL BLACK
536752,EDWARDIAN PARASOL RED
536752,RETRO COFFEE MUGS ASSORTED
536752,SAVE THE PLANET MUG
536752,VINTAGE BILLBOARD DRINK ME MUG
536752,VINTAGE BILLBOARD LOVE/HATE MUG
536752,WOOD 2 DRAWER CABINET WHITE FINISH
536752,WOOD S/3 CABINET ANT WHITE FINISH
536752,WOODEN PICTURE FRAME WHITE FINISH
536752,WOODEN FRAME ANTIQUE WHITE
536752,JUMBO SHOPPER VINTAGE RED PAISLEY
536752,KNITTED UNION FLAG HOT WATER BOTTLE
536752,RED WOOLLY HOTTIE WHITE HEART.
536752,SET 7 BABUSHKA NESTING BOXES
536752,IVORY EMBROIDERED QUILT
536752,GLASS STAR FROSTED T-LIGHT HOLDER
536753,HAND WARMER RED POLKA DOT
536753,HAND WARMER UNION JACK
536754,SOLDIERS EGG CUP
536754,SPACEBOY CHILDRENS EGG CUP
536754,CIRCUS PARADE CHILDRENS EGG CUP
536754,DOLLY GIRL CHILDRENS EGG CUP
536754,BLACK RECORD COVER FRAME
536754,HEART OF WICKER LARGE
536754,S/15 SILVER GLASS BAUBLES IN BAG
536754,HEART IVORY TRELLIS LARGE
536754,"KEY FOB , GARAGE DESIGN"
536754,CHILDREN'S SPACEBOY MUG
536754,HEART DECORATION PAINTED ZINC
536754,GARDEN METAL SIGN
536754,"KEY FOB , FRONT  DOOR"
536754,"KEY FOB , BACK DOOR"
536754,SET OF 6 CAKE CHOPSTICKS
536754,SET OF 6 STRAWBERRY CHOPSTICKS
536754,CLOTHES PEGS RETROSPOT PACK 24
536754,CHRYSANTHEMUM POCKET BOOK
536754,GARDEN PATH POCKET BOOK
536754,RED DAISY POCKET BOOK
536754,BLUE PAISLEY POCKET BOOK
536754,10 COLOUR SPACEBOY PEN
536754,12 PENCILS TALL TUBE WOODLAND
536754,TRAVEL SEWING KIT
536754,PLASTERS IN TIN SKULLS
536754,BIRTHDAY PARTY CORDON BARRIER TAPE
536754,SKULLS  WATER TRANSFER TATTOOS
536754,LARGE POPCORN HOLDER
536754,SMALL POPCORN HOLDER
536754,12 PENCILS SMALL TUBE SKULL
536754,GREY FLORAL FELTCRAFT SHOULDER BAG
536754,FELTCRAFT CUSHION RABBIT
536754,FELTCRAFT DOLL EMILY
536754,MAKE YOUR OWN FLOWERPOWER CARD KIT
536754,PINK BLUE FELT CRAFT TRINKET BOX
536754,FROG SOCK PUPPET
536754,PINK HORSE SOCK PUPPET
536754,3 STRIPEY MICE FELTCRAFT
536754,FELTCRAFT BUTTERFLY HEARTS
536754,PAPER BUNTING COLOURED LACE
536754,LUNCH BAG PINK POLKADOT
536754,LUNCH BAG  BLACK SKULL.
536754,HAND WARMER BIRD DESIGN
536754,HAND WARMER BABUSHKA DESIGN
536754,HAND WARMER UNION JACK
536754,LUNCH BAG SUKI  DESIGN
536754,LUNCH BAG WOODLAND
536754,ROUND SNACK BOXES SET OF 4 FRUITS
536754,ROUND SNACK BOXES SET OF4 WOODLAND
536754,ROUND SNACK BOXES SET OF 4 SKULLS
536755,VINTAGE PAISLEY STATIONERY SET
536755,FLORAL FOLK STATIONERY SET
536755,BLUE GEISHA GIRL
536755,GREEN GEISHA GIRL
536755,HAND WARMER BIRD DESIGN
536755,HAND WARMER OWL DESIGN
536755,PINK SWEETHEART BRACELET
536755,PURPLE SWEETHEART BRACELET
536755,PLASTERS IN TIN SPACEBOY
536755,SPACEBOY LUNCH BOX
536755,CHILDREN'S SPACEBOY MUG
536755,SPACEBOY CHILDRENS EGG CUP
536755,FULL ENGLISH BREAKFAST PLATE
536755,3 TIER CAKE TIN RED AND CREAM
536755,SET OF 2 TEA TOWELS APPLE AND PEARS
536756,SOAP DISH BROCANTE
536756,ROSE COTTAGE KEEPSAKE BOX
536756,CHRISTMAS METAL TAGS ASSORTED
536756,"KEY FOB , FRONT  DOOR"
536756,INFLATABLE POLITICAL GLOBE
536756,CHRISTMAS LIGHTS 10 VINTAGE BAUBLES
536756,BLACK/BLUE POLKADOT UMBRELLA
536756,SMALL POPCORN HOLDER
536756,ANTIQUE SILVER TEA GLASS ETCHED
536756,OVEN MITT APPLES DESIGN
536756,MOBILE VINTAGE HEARTS
536756,SET OF 2 TEA TOWELS APPLE AND PEARS
536756,IVY HEART WREATH
536756,DOORMAT BLACK FLOCK
536756,PAPER CHAIN KIT 50'S CHRISTMAS
536756,RED WHITE SCARF  HOT WATER BOTTLE
536756,SET OF 20 VINTAGE CHRISTMAS NAPKINS
536756,PAPER CHAIN KIT VINTAGE CHRISTMAS
536756,6 ROCKET BALLOONS
536759,DOORMAT 3 SMILEY CATS
536759,WOOD BLACK BOARD ANT WHITE FINISH
536759,HEART IVORY TRELLIS LARGE
536759,CAKE STAND VICTORIAN FILIGREE MED
536759,BLACK WINE GLASS
536759,CLASSICAL ROSE CANDLESTAND
536759,WOOD S/3 CABINET ANT WHITE FINISH
536759,MA CAMPAGNE CUTLERY BOX
536759,GAOLERS KEYS DECORATIVE GARDEN
536759,VICTORIAN SEWING BOX MEDIUM
536759,WOODEN FRAME ANTIQUE WHITE
536759,BLACK CHAMPAGNE GLASS
536759,RED RETROSPOT MUG
536759,GLITTER BUTTERFLY CLIPS
536759,FRIDGE MAGNETS LA VIE EN ROSE
536759,YELLOW GIANT GARDEN THERMOMETER
536759,DOORMAT FAIRY CAKE
536761,OWL DOORSTOP
536761,RED RETROSPOT PEG BAG
536761,FAIRY CAKE DESIGN UMBRELLA
536761,PINK FAIRY CAKE CHILDRENS APRON
536761,RED RETROSPOT ROUND CAKE TINS
536761,STRAWBERRY CERAMIC TRINKET BOX
536761,RED RETROSPOT TRADITIONAL TEAPOT
536762,PINK CREAM FELT CRAFT TRINKET BOX
536762,BLACK/BLUE POLKADOT UMBRELLA
536762,STRAWBERRY CERAMIC TRINKET BOX
536762,PINK BLUE FELT CRAFT TRINKET BOX
536762,JAM MAKING SET PRINTED
536762,12 PENCILS SMALL TUBE SKULL
536762,RED RETROSPOT UMBRELLA
536762,PHOTO CUBE
536762,FAWN BLUE HOT WATER BOTTLE
536762,ALARM CLOCK BAKELIKE RED
536762,ALARM CLOCK BAKELIKE GREEN
536762,HOMEMADE JAM SCENTED CANDLES
536762,BIG DOUGHNUT FRIDGE MAGNETS
536762,PINK DOUGHNUT TRINKET POT
536762,LARGE HANGING IVORY & RED WOOD BIRD
536762,HAND WARMER OWL DESIGN
536762,"WRAP, BILLBOARD FONTS DESIGN"
536762,CARD BILLBOARD FONT
536762,GIFT BAG PSYCHEDELIC APPLES
536762,CARD PSYCHEDELIC APPLES
536763,BLACK ENCHANTED FOREST PLACEMAT
536763,WHITE HANGING HEART T-LIGHT HOLDER
536763,RED HANGING HEART T-LIGHT HOLDER
536763,12 PENCIL SMALL TUBE WOODLAND
536763,CHILLI LIGHTS
536763,SWALLOW WOODEN CHRISTMAS DECORATION
536763,PACK 3 BOXES BIRD PANNETONE
536763,PACK OF 6 BIRDY GIFT TAGS
536763,CHRISTMAS TREE DECORATION WITH BELL
536763,AGED GLASS SILVER T-LIGHT HOLDER
536763,GLASS HEART T-LIGHT HOLDER
536763,WRAP GREEN PEARS
536769,SWEETHEART CAKESTAND 3 TIER
536769,RED RETROSPOT CHARLOTTE BAG
536769,LUNCH BAG RED RETROSPOT
536769,SET/20 RED RETROSPOT PAPER NAPKINS
536769,SET OF 72 RETROSPOT PAPER  DOILIES
536769,PACK OF 72 RETROSPOT CAKE CASES
536769,PAPER CHAIN KIT RETROSPOT
536769,RETROSPOT PARTY BAG + STICKER SET
536769,PAPER CHAIN KIT EMPIRE
536769,PAPER CHAIN KIT 50'S CHRISTMAS
536769,METAL MERRY CHRISTMAS WREATH
536769,SET OF 20 VINTAGE CHRISTMAS NAPKINS
536769,PAPER CHAIN KIT VINTAGE CHRISTMAS
536769,60 CAKE CASES VINTAGE CHRISTMAS
536769,ROTATING SILVER ANGELS T-LIGHT HLDR
536769,CHARLOTTE BAG PINK POLKADOT
536769,LUNCH BAG PINK POLKADOT
536769,LUNCH BAG  BLACK SKULL.
536769,TOY TIDY SPACEBOY
536769,LUNCH BAG SPACEBOY DESIGN
536769,4 ROSE PINK DINNER CANDLES
536769,4 SKY BLUE DINNER CANDLES
536769,CHILLI LIGHTS
536769,CHARLOTTE BAG DOLLY GIRL DESIGN
536769,LARGE POPCORN HOLDER
536769,LOVE HEART NAPKIN BOX
536769,ALARM CLOCK BAKELIKE GREEN
536769,ALARM CLOCK BAKELIKE ORANGE
536769,TWO DOOR CURIO CABINET
536769,CHARLOTTE BAG SUKI DESIGN
536769,3D TRADITIONAL CHRISTMAS STICKERS
536771,CLOTHES PEGS RETROSPOT PACK 24
536771,3 PIECE SPACEBOY COOKIE CUTTER SET
536771,GINGERBREAD MAN COOKIE CUTTER
536771,HOMEMADE JAM SCENTED CANDLES
536771,3 TRADITIONAL COOKIE CUTTERS  SET
536771,JAM MAKING SET PRINTED
536771,JAM MAKING SET WITH JARS
536777,12 PENCILS SMALL TUBE RED RETROSPOT
536777,PINK POLKADOT WRAP
536777,JUMBO BAG RED RETROSPOT
536777,JUMBO BAG STRAWBERRY
536777,FELTCRAFT CHRISTMAS FAIRY
536778,PORCELAIN ROSE SMALL
536778,FELTCRAFT BUTTERFLY HEARTS
536778,PINK BLUE FELT CRAFT TRINKET BOX
536778,FELTCRAFT 6 FLOWER FRIENDS
536778,RED FLORAL FELTCRAFT SHOULDER BAG
536778,PINK FLORAL FELTCRAFT SHOULDER BAG
536778,GREY FLORAL FELTCRAFT SHOULDER BAG
536778,PACK OF 6 BIRDY GIFT TAGS
536778,VICTORIAN SEWING BOX MEDIUM
536778,VICTORIAN SEWING BOX SMALL
536778,ASSORTED COLOURS SILK FAN
536778,SPOTTY PINK DUCK DOORSTOP
536778,ASSORTED BOTTLE TOP  MAGNETS
536778,ZINC METAL HEART DECORATION
536779,Bank Charges
536780,HOT WATER BOTTLE TEA AND SYMPATHY
536780,CHARLIE + LOLA RED HOT WATER BOTTLE
536780,FAWN BLUE HOT WATER BOTTLE
536780,CHARLIE+LOLA PINK HOT WATER BOTTLE
536781,HAND WARMER OWL DESIGN
536782,SCOTTIE DOG HOT WATER BOTTLE
536782,6 RIBBONS RUSTIC CHARM
536782,VICTORIAN SEWING BOX LARGE
536782,RECYCLING BAG RETROSPOT
536782,RED RETROSPOT SHOPPER BAG
536782,RED RETROSPOT TRADITIONAL TEAPOT
536782,RED RETROSPOT BUTTER DISH
536782,RETROSPOT LARGE MILK JUG
536782,LARGE POPCORN HOLDER
536782,SMALL POPCORN HOLDER
536782,MINT KITCHEN SCALES
536782,BLACK KITCHEN SCALES
536782,RED KITCHEN SCALES
536782,IVORY KITCHEN SCALES
536782,RED DRAWER KNOB ACRYLIC EDWARDIAN
536782,PURPLE DRAWERKNOB ACRYLIC EDWARDIAN
536782,PINK DRAWER KNOB ACRYLIC EDWARDIAN
536782,CLEAR DRAWER KNOB ACRYLIC EDWARDIAN
536782,WHITE SPOT BLUE CERAMIC DRAWER KNOB
536782,WHITE SPOT RED CERAMIC DRAWER KNOB
536782,RED SPOT CERAMIC DRAWER KNOB
536782,BLUE SPOT CERAMIC DRAWER KNOB
536782,BLUE STRIPE CERAMIC DRAWER KNOB
536782,RED STRIPE CERAMIC DRAWER KNOB
536782,WICKER WREATH LARGE
536782,HEART OF WICKER SMALL
536782,LOVE GARLAND PAINTED ZINC
536783,MAGIC DRAWING SLATE DOLLY GIRL
536783,MINI PAINT SET VINTAGE
536783,GUMBALL COAT RACK
536783,MEASURING TAPE BABUSHKA RED
536783,MEASURING TAPE BABUSHKA BLUE
536783,MEASURING TAPE BABUSHKA PINK
536783,ROUND SNACK BOXES SET OF 4 FRUITS
536783,6 RIBBONS ELEGANT CHRISTMAS
536783,WHITE SPOT BLUE CERAMIC DRAWER KNOB
536783,COWBOYS AND INDIANS BIRTHDAY CARD
536783,VINTAGE KID DOLLY CARD
536783,"ELEPHANT, BIRTHDAY CARD,"
536783,"FANCY FONT BIRTHDAY CARD,"
536783,PINK POLKADOT WRAP
536783,BLUE POLKADOT WRAP
536783,RED RETROSPOT WRAP
536783,PACK OF 72 RETROSPOT CAKE CASES
536783,WOODLAND CHARLOTTE BAG
536783,DOORMAT RED RETROSPOT
536783,SLEEPING CAT ERASERS
536783,VICTORIAN SEWING KIT
536783,BLACK CANDELABRA T-LIGHT HOLDER
536783,MIRROR LOVE BIRD T-LIGHT HOLDER
536783,BLACK LOVE BIRD T-LIGHT HOLDER
536783,BOX OF 24 COCKTAIL PARASOLS
536783,ROTATING SILVER ANGELS T-LIGHT HLDR
536783,HANGING JAM JAR T-LIGHT HOLDER
536783,DOORMAT HEARTS
536783,DOORMAT ENGLISH ROSE
536783,HAND OPEN SHAPE GOLD
536783,SET 7 BABUSHKA NESTING BOXES
536783,LUNCH BOX I LOVE LONDON
536783,DOLLY GIRL LUNCH BOX
536783,SPACEBOY LUNCH BOX
536783,PACK OF 6 BIRDY GIFT TAGS
536783,MAGIC DRAWING SLATE PURDEY
536783,MAGIC DRAWING SLATE SPACEBOY
536783,MAGIC DRAWING SLATE BAKE A CAKE
536784,BLACK CANDELABRA T-LIGHT HOLDER
536784,BLACK LOVE BIRD T-LIGHT HOLDER
536784,ROTATING SILVER ANGELS T-LIGHT HLDR
536784,HANGING JAM JAR T-LIGHT HOLDER
536784,DOORMAT NEW ENGLAND
536784,SET 7 BABUSHKA NESTING BOXES
536784,LUNCH BOX I LOVE LONDON
536784,DOLLY GIRL LUNCH BOX
536784,SPACEBOY LUNCH BOX
536784,PACK OF 6 BIRDY GIFT TAGS
536784,MAGIC DRAWING SLATE PURDEY
536784,MAGIC DRAWING SLATE SPACEBOY
536784,MAGIC DRAWING SLATE BAKE A CAKE
536784,MAGIC DRAWING SLATE DOLLY GIRL
536784,MEASURING TAPE BABUSHKA RED
536784,MEASURING TAPE BABUSHKA BLUE
536784,MEASURING TAPE BABUSHKA PINK
536784,6 RIBBONS ELEGANT CHRISTMAS
536784,WHITE SPOT BLUE CERAMIC DRAWER KNOB
536784,BLUE POLKADOT WRAP
536784,RED RETROSPOT WRAP
536784,PACK OF 72 RETROSPOT CAKE CASES
536784,WOODLAND CHARLOTTE BAG
536784,DOORMAT RED RETROSPOT
536784,SLEEPING CAT ERASERS
536785,ANTIQUE SILVER TEA GLASS ETCHED
536785,ASSORTED COLOUR BIRD ORNAMENT
536785,LUNCH BOX I LOVE LONDON
536785,REGENCY CAKESTAND 3 TIER
536785,APPLE BATH SPONGE
536785,STRAWBERRY BATH SPONGE
536786,VICTORIAN SEWING KIT
536786,BAKING SET SPACEBOY DESIGN
536787,WHITE HANGING HEART T-LIGHT HOLDER
536787,WHITE METAL LANTERN
536787,CREAM CUPID HEARTS COAT HANGER
536787,RETRO COFFEE MUGS ASSORTED
536787,SAVE THE PLANET MUG
536787,VINTAGE BILLBOARD DRINK ME MUG
536787,VINTAGE BILLBOARD LOVE/HATE MUG
536787,WOODEN PICTURE FRAME WHITE FINISH
536787,WOODEN FRAME ANTIQUE WHITE
536787,KNITTED UNION FLAG HOT WATER BOTTLE
536787,RED WOOLLY HOTTIE WHITE HEART.
536787,SET 7 BABUSHKA NESTING BOXES
536787,GLASS STAR FROSTED T-LIGHT HOLDER
536788,CLOTHES PEGS RETROSPOT PACK 24
536789,HAND WARMER UNION JACK
536789,HAND WARMER RED POLKA DOT
536790,WHITE HANGING HEART T-LIGHT HOLDER
536790,WHITE METAL LANTERN
536790,CREAM CUPID HEARTS COAT HANGER
536790,EDWARDIAN PARASOL BLACK
536790,EDWARDIAN PARASOL RED
536790,RETRO COFFEE MUGS ASSORTED
536790,VINTAGE BILLBOARD DRINK ME MUG
536790,VINTAGE BILLBOARD LOVE/HATE MUG
536790,WOOD 2 DRAWER CABINET WHITE FINISH
536790,WOOD S/3 CABINET ANT WHITE FINISH
536790,WOODEN PICTURE FRAME WHITE FINISH
536790,WOODEN FRAME ANTIQUE WHITE
536790,KNITTED UNION FLAG HOT WATER BOTTLE
536790,RED WOOLLY HOTTIE WHITE HEART.
536790,SET 7 BABUSHKA NESTING BOXES
536790,IVORY EMBROIDERED QUILT
536790,GLASS STAR FROSTED T-LIGHT HOLDER
536791,HAND WARMER RED POLKA DOT
536791,HAND WARMER UNION JACK
536792,CLOTHES PEGS RETROSPOT PACK 24
536793,ALARM CLOCK BAKELIKE RED
536793,ALARM CLOCK BAKELIKE CHOCOLATE
536793,ALARM CLOCK BAKELIKE GREEN
536793,JAM MAKING SET WITH JARS
536793,FELTCRAFT CUSHION OWL
536793,FELTCRAFT CUSHION RABBIT
536793,PINK BLUE FELT CRAFT TRINKET BOX
536793,FELTCRAFT PRINCESS LOLA DOLL
536793,VINTAGE SNAKES & LADDERS
536793,BLUE HARMONICA IN BOX
536793,FELT FARM ANIMAL WHITE BUNNY
536794,SMALL GLASS HEART TRINKET POT
536794,ALARM CLOCK BAKELIKE GREEN
536794,ALARM CLOCK BAKELIKE RED
536794,HOT WATER BOTTLE TEA AND SYMPATHY
536795,PAPER CHAIN KIT 50'S CHRISTMAS
536795,WHITE HANGING HEART T-LIGHT HOLDER
536795,HAND WARMER SCOTTY DOG DESIGN
536795,HAND WARMER OWL DESIGN
536795,PACK OF 12 SUKI TISSUES
536795,PACK OF 12 SKULL TISSUES
536795,PAPER CHAIN KIT EMPIRE
536796,AIRLINE BAG VINTAGE JET SET WHITE
536796,PHOTO CUBE
536796,POPPY'S PLAYHOUSE BEDROOM
536796,RED RETROSPOT PURSE
536796,LOVELY BONBON STICKER SHEET
536796,12 MESSAGE CARDS WITH ENVELOPES
536796,SNOWSTORM PHOTO FRAME FRIDGE MAGNET
536796,PACK OF 12 WOODLAND TISSUES
536796,PACK OF 12 LONDON TISSUES
536796,PACK OF 12 SKULL TISSUES
536796,RED POLKADOT PUDDING BOWL
536796,BLUE POLKADOT PUDDING BOWL
536796,ROUND SNACK BOXES SET OF 4 FRUITS
536796,60 CAKE CASES VINTAGE CHRISTMAS
536796,VINTAGE BLUE TINSEL REEL
536796,TOTE BAG I LOVE LONDON
536796,LUNCH BOX I LOVE LONDON
536796,MIRROR LOVE BIRD T-LIGHT HOLDER
536796,BLACK LOVE BIRD T-LIGHT HOLDER
536796,JARDIN ETCHED GLASS BUTTER DISH
536796,DISCO BALL CHRISTMAS DECORATION
536796,PAPER BUNTING WHITE LACE
536796,SKULLS WRITING SET
536796,BALLOONS  WRITING SET
536796,SPACE FROG
536796,SPACE CADET BLACK
536796,SPACE CADET RED
536796,SPACE OWL
536796,AIRLINE BAG VINTAGE JET SET WHITE
536796,SPACE CADET WHITE
536796,AIRLINE BAG VINTAGE JET SET WHITE
536796,PLASTERS IN TIN WOODLAND ANIMALS
536796,PLASTERS IN TIN SKULLS
536796,SPACE OWL
536796,WOODLAND DESIGN  COTTON TOTE BAG
536796,STRAWBERRY LUNCH BOX WITH CUTLERY
536796,T-LIGHT GLASS FLUTED ANTIQUE
536796,RED POLKADOT PUDDING BOWL
536796,BLUE POLKADOT PUDDING BOWL
536796,PACK OF 6 BIRDY GIFT TAGS
536796,ILLUSTRATED CAT BOWL
536796,TOAST ITS - BEST MUM
536796,TOAST ITS - DINOSAUR
536796,SET OF 20 VINTAGE CHRISTMAS NAPKINS
536796,DOLLY GIRL CHILDRENS EGG CUP
536796,CHILDRENS DOLLY GIRL MUG
536796,RED RETROSPOT CHARLOTTE BAG
536796,WOODLAND CHARLOTTE BAG
536796,COSY HOUR GIANT TUBE MATCHES
536796,VINTAGE UNION JACK APRON
536796,CHILDS BREAKFAST SET SPACEBOY
536796,GARDEN PATH SKETCHBOOK
536796,CHILDREN'S SPACEBOY MUG
536796,SOLDIERS EGG CUP
536796,CIRCUS PARADE CHILDRENS EGG CUP
536796,CHILDREN'S CIRCUS PARADE MUG
536796,ASSORTED COLOUR BIRD ORNAMENT
536796,RED POLKADOT COFFEE  MUG
536796,BLUE POLKADOT COFFEE MUG
536796,PACK OF 6 BIRDY GIFT TAGS
536796,PACK OF 12 SUKI TISSUES
536796,BOX OF VINTAGE JIGSAW BLOCKS
536796,SET OF 20 VINTAGE CHRISTMAS NAPKINS
536796,MONSTERS STENCIL CRAFT
536796,PACK OF 12 SKULL TISSUES
536796,12 MESSAGE CARDS WITH ENVELOPES
536796,SET/12 TAPER CANDLES
536796,COSY HOUR CIGAR BOX MATCHES
536796,CITRONELLA CANDLE GARDEN POT
536796,ZINC WILLIE WINKIE  CANDLE STICK
536796,PLASTERS IN TIN SKULLS
536796,PACK OF 12 SKULL TISSUES
536796,PACK OF 12 PINK PAISLEY TISSUES
536796,PACK OF 12 SUKI TISSUES
536796,PACK OF 12 WOODLAND TISSUES
536796,COSY HOUR CIGAR BOX MATCHES
536796,VICTORIAN  METAL POSTCARD SPRING
536796,ASSORTED COLOUR BIRD ORNAMENT
536796,SET/10 RED POLKADOT PARTY CANDLES
536796,MODERN FLORAL STATIONERY SET
536796,BALLOONS  WRITING SET
536796,SKULLS WRITING SET
536796,MAKE YOUR OWN MONSOON CARD KIT
536796,FUNKY WASHING UP GLOVES ASSORTED
536796,FLORAL FOLK STATIONERY SET
536796,6 RIBBONS RUSTIC CHARM
536796,SWIRLY CIRCULAR RUBBERS IN BAG
536796,SET OF 9 HEART SHAPED BALLOONS
536796,ROTATING SILVER ANGELS T-LIGHT HLDR
536796,RIBBON REEL STRIPES DESIGN
536796,WOODLAND DESIGN  COTTON TOTE BAG
536796,60 CAKE CASES VINTAGE CHRISTMAS
536796,PACK OF 12 LONDON TISSUES
536796,WOODEN SCHOOL COLOURING SET
536796,SUKI  SHOULDER BAG
536796,WOODEN SCHOOL COLOURING SET
536796,BLUE POLKADOT WASHING UP GLOVES
536796,CHICK GREY HOT WATER BOTTLE
536796,COSY HOUR GIANT TUBE MATCHES
536796,CHILDS BREAKFAST SET CIRCUS PARADE
536796,PLASTERS IN TIN STRONGMAN
536796,PLASTERS IN TIN VINTAGE PAISLEY
536796,TRADITIONAL WOODEN CATCH CUP GAME
536796,SET OF 6 SOLDIER SKITTLES
536796,WOODLAND CHARLOTTE BAG
536796,LUNCH BAG CARS BLUE
536796,BAKING SET SPACEBOY DESIGN
536796,POPPY'S PLAYHOUSE BEDROOM
536796,POPPY'S PLAYHOUSE KITCHEN
536796,WOODLAND STORAGE BOX SMALL
536796,CHILDS BREAKFAST SET DOLLY GIRL
536796,SAVE THE PLANET COTTON TOTE BAG
536796,SET OF 72 GREEN PAPER DOILIES
536796,SET/3 RED GINGHAM ROSE STORAGE BOX
536796,WOODEN ROUNDERS GARDEN SET
536796,CHILDREN'S APRON DOLLY GIRL
536796,36 PENCILS TUBE WOODLAND
536796,36 PENCILS TUBE RED RETROSPOT
536796,CHARLOTTE BAG DOLLY GIRL DESIGN
536796,TOTE BAG I LOVE LONDON
536796,SKULLS  DESIGN  COTTON TOTE BAG
536797,FLOWER BURST SILVER RING CRYSTAL
536797,HAND WARMER RED RETROSPOT
536797,HAND WARMER SCOTTY DOG DESIGN
536797,HAND WARMER OWL DESIGN
536797,HAND WARMER UNION JACK
536797,PINK FLORAL FELTCRAFT SHOULDER BAG
536798,ENAMEL FLOWER JUG CREAM
536798,RETRO COFFEE MUGS ASSORTED
536798,HOME SWEET HOME MUG
536798,RETRO MOD TRAY
536798,ENAMEL BREAD BIN CREAM
536798,ENAMEL WASH BOWL CREAM
536798,ENAMEL MEASURING JUG CREAM
536798,ENAMEL FIRE BUCKET CREAM
536798,WASHROOM METAL SIGN
536798,LAUNDRY 15C METAL SIGN
536798,KITCHEN METAL SIGN
536798,TOILET METAL SIGN
536798,FANNY'S REST STOPMETAL SIGN
536798,GIN AND TONIC MUG
536798,GARDEN METAL SIGN
536798,PLEASE ONE PERSON METAL SIGN
536798,CHOCOLATE THIS WAY METAL SIGN
536798,METAL SIGN TAKE IT OR LEAVE IT
536798,YOU'RE CONFUSING ME METAL SIGN
536798,HOT BATHS METAL SIGN
536798,"AIRLINE LOUNGE,METAL SIGN"
536798,HOT BATHS METAL SIGN
536798,COOK WITH WINE METAL SIGN
536798,"KEY FOB , BACK DOOR"
536798,"KEY FOB , GARAGE DESIGN"
536798,GIN AND TONIC MUG
536798,POTTERING IN THE SHED METAL SIGN
536798,GIN + TONIC DIET METAL SIGN
536798,"KEY FOB , SHED"
536798,"KEY FOB , FRONT  DOOR"
536798,DOORMAT UNION FLAG
536799,JUMBO STORAGE BAG SUKI
536799,JUMBO STORAGE BAG SKULLS
536799,JUMBO BAG RED RETROSPOT
536799,JUMBO BAG PINK POLKADOT
536799,12 PENCILS SMALL TUBE SKULL
536799,12 PENCIL SMALL TUBE WOODLAND
536799,12 PENCILS SMALL TUBE RED RETROSPOT
536799,HI TEC ALPINE HAND WARMER
536799,LOVE HEART POCKET WARMER
536799,CHRISTMAS TOILET ROLL
536799,POPPY'S PLAYHOUSE BEDROOM
536799,POPPY'S PLAYHOUSE LIVINGROOM
536799,POPPY'S PLAYHOUSE KITCHEN
536799,HAND WARMER BIRD DESIGN
536799,HAND WARMER RED RETROSPOT
536799,HAND WARMER BABUSHKA DESIGN
536799,HAND WARMER OWL DESIGN
536799,HAND WARMER SCOTTY DOG DESIGN
536800,JAM MAKING SET WITH JARS
536800,HOMEMADE JAM SCENTED CANDLES
536800,CARAVAN SQUARE TISSUE BOX
536800,CARD CAT AND TREE
536800,CARD DOG AND BALL
536800,RAINY LADIES BIRTHDAY CARD
536800,PENNY FARTHING BIRTHDAY CARD
536800,CARD CIRCUS PARADE
536800,PINK FAIRY CAKE CHILDRENS APRON
536800,TEA TIME KITCHEN APRON
536800,JAM MAKING SET PRINTED
536800,CARD PARTY GAMES
536800,CARD BILLBOARD FONT
536800,BOTANICAL LAVENDER BIRTHDAY CARD
536800,RECYCLING BAG RETROSPOT
536800,SET OF 3 HEART COOKIE CUTTERS
536800,ALARM CLOCK BAKELIKE RED
536800,ALARM CLOCK BAKELIKE GREEN
536800,ALARM CLOCK BAKELIKE IVORY
536801,CHICK GREY HOT WATER BOTTLE
536801,VINTAGE RED TEATIME MUG
536801,VINTAGE HEADS AND TAILS CARD GAME
536801,CHRISTMAS TOILET ROLL
536801,60 CAKE CASES VINTAGE CHRISTMAS
536801,PAPER CHAIN KIT 50'S CHRISTMAS
536801,FANNY'S REST STOPMETAL SIGN
536801,GREY HEART HOT WATER BOTTLE
536801,FELTCRAFT PRINCESS LOLA DOLL
536801,FELTCRAFT PRINCESS CHARLOTTE DOLL
536801,FELTCRAFT CUSHION OWL
536801,SCOTTIE DOG HOT WATER BOTTLE
536801,STRAWBERRY LUNCH BOX WITH CUTLERY
536801,PICTURE DOMINOES
536802,RIBBON REEL SOCKS AND MITTENS
536802,CHRISTMAS LIGHTS 10 REINDEER
536802,RED TOADSTOOL LED NIGHT LIGHT
536802,HOT WATER BOTTLE BABUSHKA
536802,SET 10 LIGHTS NIGHT OWL
536802,MIRRORED DISCO BALL
536802,DISCO BALL ROTATOR BATTERY OPERATED
536802,WOODEN OWLS LIGHT GARLAND
536803,GREY HEART HOT WATER BOTTLE
536804,GAOLERS KEYS DECORATIVE GARDEN
536804,REGENCY CAKESTAND 3 TIER
536804,GLASS CLOCHE LARGE
536804,GLASS CLOCHE SMALL
536804,CHICK GREY HOT WATER BOTTLE
536804,RED WOOLLY HOTTIE WHITE HEART.
536804,KNITTED UNION FLAG HOT WATER BOTTLE
536804,RETRO COFFEE MUGS ASSORTED
536804,DOORMAT SPOTTY HOME SWEET HOME
536804,DOORMAT UNION FLAG
536804,IVORY GIANT GARDEN THERMOMETER
536804,DOORMAT RESPECTABLE HOUSE
536804,ROUND SNACK BOXES SET OF4 WOODLAND
536804,ROUND SNACK BOXES SET OF 4 FRUITS
536804,EDWARDIAN PARASOL RED
536804,EDWARDIAN PARASOL BLACK
536804,GLASS  BEURRE DISH
536804,CHRISTMAS PUDDING TRINKET POT
536804,SOLDIERS EGG CUP
536804,GREEN REGENCY TEACUP AND SAUCER
536804,ANTIQUE GLASS DRESSING TABLE POT
536804,ASSORTED COLOUR BIRD ORNAMENT
536804,ANTIQUE GLASS PEDESTAL BOWL
536804,ANTIQUE TALL SWIRLGLASS TRINKET POT
536804,CORONA MEXICAN TRAY
536805,KIDS RAIN MAC BLUE
536805,BIRD DECORATION RED RETROSPOT
536805,MINI PAINT SET VINTAGE
536805,PINK BLUE FELT CRAFT TRINKET BOX
536805,PINK CREAM FELT CRAFT TRINKET BOX
536805,12 PENCILS SMALL TUBE SKULL
536805,12 PENCIL SMALL TUBE WOODLAND
536805,WOODEN SCHOOL COLOURING SET
536805,PACK OF 12 COLOURED PENCILS
536805,PACK OF 12 TRADITIONAL CRAYONS
536805,ASSORTED COLOURS SILK FAN
536805,VINTAGE BILLBOARD TEA MUG
536805,RETRO COFFEE MUGS ASSORTED
536805,20 DOLLY PEGS RETROSPOT
536805,CLOTHES PEGS RETROSPOT PACK 24
536805,MONEY BOX CONFECTIONERY DESIGN
536805,MONEY BOX KINGS CHOICE DESIGN
536805,MONEY BOX POCKET MONEY DESIGN
536805,CHOCOLATE THIS WAY METAL SIGN
536805,HAND OVER THE CHOCOLATE   SIGN
536806,CHRISTMAS TREE STAR DECORATION
536806,WOODEN TREE CHRISTMAS SCANDINAVIAN
536806,BATHROOM METAL SIGN
536806,TOILET METAL SIGN
536806,KITCHEN METAL SIGN
536808,REGENCY CAKESTAND 3 TIER
536808,BREAD BIN DINER STYLE RED
536808,RED HANGING HEART T-LIGHT HOLDER
536808,BLUE STRIPE CERAMIC DRAWER KNOB
536808,CHILDS BREAKFAST SET SPACEBOY
536808,VICTORIAN SEWING BOX SMALL
536808,VICTORIAN SEWING BOX MEDIUM
536808,FELTCRAFT CUSHION OWL
536808,FELTCRAFT CUSHION BUTTERFLY
536808,FELTCRAFT CUSHION RABBIT
536808,RED WOOLLY HOTTIE WHITE HEART.
536808,FAWN BLUE HOT WATER BOTTLE
536809,ASSORTED COLOUR T-LIGHT HOLDER
536810,CAMOUFLAGE LED TORCH
536811,WEEKEND BAG VINTAGE ROSE PAISLEY
536813,CERAMIC CAKE BOWL + HANGING CAKES
536813,DISCO BALL CHRISTMAS DECORATION
536813,CARD CHRISTMAS VILLAGE
536813,CARD MOTORBIKE SANTA
536813,CHRISTMAS CARD SCREEN PRINT
536813,CHRISTMAS CARD STACK OF PRESENTS
536813,CHRISTMAS CARD SINGING ANGEL
536813,YULETIDE IMAGES GIFT WRAP SET
536813,TRADITIONAL CHRISTMAS RIBBONS
536813,PAPER CHAIN KIT VINTAGE CHRISTMAS
536813,PAPER CHAIN KIT 50'S CHRISTMAS
536813,SET/3 CHRISTMAS DECOUPAGE CANDLES
536813,SMALLFOLKART BAUBLE CHRISTMAS DEC
536813,BROCADE RING PURSE
536813,PAPER BUNTING VINTAGE PAISLEY
536813,METAL SIGN TAKE IT OR LEAVE IT
536813,POLYESTER FILLER PAD 40x40cm
536819,ENAMEL FLOWER JUG CREAM
536819,GRAND CHOCOLATECANDLE
536819,CHILDRENS APRON APPLES DESIGN
536819,RECIPE BOX RETROSPOT
536819,ROUND SNACK BOXES SET OF 4 FRUITS
536819,"FANCY FONT BIRTHDAY CARD,"
536819,GIN & TONIC DIET GREETING CARD
536819,PACK OF 72 SKULL CAKE CASES
536819,PARTY INVITES JAZZ HEARTS
536819,PARTY INVITES DINOSAURS
536819,SET OF 20 KIDS COOKIE CUTTERS
536819,RED KITCHEN SCALES
536819,IVORY KITCHEN SCALES
536819,SOLDIERS EGG CUP
536819,PACK OF 60 DINOSAUR CAKE CASES
536819,SET/5 RED RETROSPOT LID GLASS BOWLS
536819,ENAMEL MEASURING JUG CREAM
536821,DOLLY GIRL LUNCH BOX
536821,HAND WARMER BIRD DESIGN
536821,ROTATING LEAVES T-LIGHT HOLDER
536821,SET/6 RED SPOTTY PAPER PLATES
536821,GENTLEMAN SHIRT REPAIR KIT
536821,SET/20 RED RETROSPOT PAPER NAPKINS
536821,TRAVEL SEWING KIT
536821,RED RETROSPOT ROUND CAKE TINS
536821,PICNIC BASKET WICKER SMALL
536821,ENAMEL WATERING CAN CREAM
536821,RED GINGHAM ROSE JEWELLERY BOX
536821,RECIPE BOX PANTRY YELLOW DESIGN
536821,RECIPE BOX RETROSPOT
536821,REX CASH+CARRY JUMBO SHOPPER
536821,ENAMEL COLANDER CREAM
536821,SET/6 RED SPOTTY PAPER CUPS
536821,BLUE POLKADOT CUP
536821,PINK  POLKADOT CUP
536821,RED RETROSPOT CUP
536821,BAKING SET SPACEBOY DESIGN
536821,PAPER CHAIN KIT RETROSPOT
536821,SMALL POPCORN HOLDER
536821,CIRCUS PARADE LUNCH BOX
536823,DOORSTOP RETROSPOT HEART
536823,WOODEN FRAME ANTIQUE WHITE
536823,BLACK/BLUE POLKADOT UMBRELLA
536824,WHITE HANGING HEART T-LIGHT HOLDER
536830,WORLD WAR 2 GLIDERS ASSTD DESIGNS
536830,RED  HARMONICA IN BOX
536831,WHITE WIRE EGG HOLDER
536831,FRYING PAN UNION FLAG
536831,JUMBO BAG PINK VINTAGE PAISLEY
536831,JUMBO BAG SCANDINAVIAN PAISLEY
536832,BLUE/CREAM STRIPE CUSHION COVER
536832,UNION STRIPE CUSHION COVER
536832,COLOUR GLASS. STAR T-LIGHT HOLDER
536832,RED HANGING HEART T-LIGHT HOLDER
536832,KEY CABINET MA CAMPAGNE
536832,SOAP DISH BROCANTE
536832,CREAM CUPID HEARTS COAT HANGER
536832,CREAM SWEETHEART MINI CHEST
536833,WHITE HANGING HEART T-LIGHT HOLDER
536833,HANGING HEART ZINC T-LIGHT HOLDER
536833,ASSORTED COLOUR MINI CASES
536833,FAIRY CAKE DESIGN UMBRELLA
536833,RED RETROSPOT UMBRELLA
536833,HANGING METAL HEART LANTERN
536833,HANGING METAL STAR LANTERN
536833,SQUARECUSHION COVER PINK UNION FLAG
536833,WHITE METAL LANTERN
536833,HOMEMADE JAM SCENTED CANDLES
536833,SET OF 6 T-LIGHTS SNOWMEN
536833,RED STAR CARD HOLDER
536833,GREEN CHRISTMAS TREE CARD HOLDER
536833,CHRISTMAS CRAFT TREE TOP ANGEL
536833,CHRISTMAS CRAFT LITTLE FRIENDS
536833,NOEL WOODEN BLOCK LETTERS
536833,PEACE SMALL WOOD LETTERS
536833,STAR WOODEN CHRISTMAS DECORATION
536833,SWALLOW WOODEN CHRISTMAS DECORATION
536833,WOODEN STAR CHRISTMAS SCANDINAVIAN
536833,CHRISTMAS GINGHAM STAR
536833,CHRISTMAS GINGHAM HEART
536833,FOLKART ZINC HEART CHRISTMAS DEC
536833,DINOSAUR PARTY BAG + STICKER SET
536833,PAPER CHAIN KIT VINTAGE CHRISTMAS
536833,CHRISTMAS PUDDING TRINKET POT
536833,IVY HEART WREATH
536833,EUCALYPTUS & PINECONE  WREATH
536833,VINTAGE UNION JACK BUNTING
536834,"SWISS ROLL TOWEL, CHOCOLATE  SPOTS"
536835,VINTAGE RED KITCHEN CABINET
536836,SWEETHEART CERAMIC TRINKET BOX
536836,STRAWBERRY CERAMIC TRINKET BOX
536836,LARGE CAKE STAND HANGING HEARTS
536836,CERAMIC CAKE STAND + HANGING CAKES
536836,LARGE CAKE STAND  HANGING STRAWBERY
536836,RED RETROSPOT CAKE STAND
536836,RED RETROSPOT SUGAR JAM BOWL
536836,RED RETROSPOT BUTTER DISH
536836,LARGE POPCORN HOLDER
536836,SMALL POPCORN HOLDER
536836,HAND WARMER UNION JACK
536836,RETROSPOT LAMP
536836,RED SPOTTY BISCUIT TIN
536836,RED RETROSPOT PEG BAG
536836,RED RETROSPOT SHOPPING BAG
536836,RED RETROSPOT WASHBAG
536836,RED RETROSPOT OVEN GLOVE DOUBLE
536836,RED RETROSPOT OVEN GLOVE
536836,RED RETROSPOT OVEN GLOVE
536836,SET/2 RED RETROSPOT TEA TOWELS
536836,TEA TIME TABLE CLOTH
536836,TEA TIME KITCHEN APRON
536836,TEA TIME OVEN GLOVE
536836,RED DINER WALL CLOCK
536836,STRAWBERRY FAIRY CAKE TEAPOT
536836,WRAP PINK FAIRY CAKES
536836,WRAP ENGLISH ROSE
536837,WOOD S/3 CABINET ANT WHITE FINISH
536837,WOOD 2 DRAWER CABINET WHITE FINISH
536837,WOODEN PICTURE FRAME WHITE FINISH
536837,HOME BUILDING BLOCK WORD
536837,LOVE BUILDING BLOCK WORD
536837,WOODEN FRAME ANTIQUE WHITE
536837,3 HOOK PHOTO SHELF ANTIQUE WHITE
536837,WRAP  PINK FLOCK
536837,CHOCOLATE HOT WATER BOTTLE
536837,PACK OF 12 RED RETROSPOT TISSUES
536837,PINK HEART DOTS HOT WATER BOTTLE
536837,PINK CREAM FELT CRAFT TRINKET BOX
536837,HOT WATER BOTTLE TEA AND SYMPATHY
536837,CHRISTMAS CRAFT LITTLE FRIENDS
536837,HAND WARMER OWL DESIGN
536837,HAND WARMER UNION JACK
536837,HEART OF WICKER LARGE
536837,HAND WARMER RED RETROSPOT
536837,TRADITIONAL CHRISTMAS RIBBONS
536837,12 PENCILS TALL TUBE POSY
536837,TUB 24 PINK FLOWER PEGS
536837,CANDLEHOLDER PINK HANGING HEART
536837,12 PENCILS TALL TUBE WOODLAND
536837,METAL 4 HOOK HANGER FRENCH CHATEAU
536837,WHITE HANGING HEART T-LIGHT HOLDER
536837,BLUE POLKADOT WRAP
536837,PINK POLKADOT WRAP
536838,ASSORTED COLOURS SILK FAN
536838,FENG SHUI PILLAR CANDLE
536838,CHINESE DRAGON PAPER LANTERNS
536839,WORLD WAR 2 GLIDERS ASSTD DESIGNS
536839,DOORMAT RED RETROSPOT
536839,DOORMAT SPOTTY HOME SWEET HOME
536839,SET 12 RETRO WHITE CHALK STICKS
536839,VINTAGE KID DOLLY CARD
536839,TEA PARTY BIRTHDAY CARD
536839,SWALLOWS GREETING CARD
536839,SPACEBOY BIRTHDAY CARD
536839,GIN & TONIC DIET GREETING CARD
536839,"FANCY FONT BIRTHDAY CARD,"
536839,EMPIRE BIRTHDAY CARD
536839,"ELEPHANT, BIRTHDAY CARD,"
536839,"DECOUPAGE,GREETING CARD,"
536839,COWBOYS AND INDIANS BIRTHDAY CARD
536839,ASSORTED COLOUR BIRD ORNAMENT
536839,PACK OF 6 BIRDY GIFT TAGS
536840,JAM MAKING SET PRINTED
536840,JAM JAR WITH PINK LID
536840,JAM JAR WITH GREEN LID
536840,SWEETHEART CAKESTAND 3 TIER
536840,60 CAKE CASES VINTAGE CHRISTMAS
536840,6 RIBBONS RUSTIC CHARM
536840,CAKE STAND WHITE TWO TIER LACE
536840,PACK OF 60 PINK PAISLEY CAKE CASES
536840,60 TEATIME FAIRY CAKE CASES
536840,PACK OF 72 RETROSPOT CAKE CASES
536840,POSTAGE
536841,PHOTO FRAME CORNICE
536841,FAMILY PHOTO FRAME CORNICE
536841,FIRST AID TIN
536841,FAMILY ALBUM WHITE PICTURE FRAME
536841,ASSORTED COLOUR BIRD ORNAMENT
536841,3 HOOK PHOTO SHELF ANTIQUE WHITE
536841,PICTURE FRAME WOOD TRIPLE PORTRAIT
536841,HEART OF WICKER LARGE
